repo_url,registry_source,category,language,stars,last_commit_date,status,pushed_at,gh_stars,archived,fork,size_kb,default_branch,visibility,open_issues,created_at,gh_language,exclusion_reason,gh_language_clean,star_bucket
https://github.com/MindscapeHQ/mcp-server-raygun,mcp-first-glance,official,TypeScript,4,,ok,2026-03-02T01:57:41Z,20.0,False,False,33.0,main,public,3.0,2024-11-28T19:57:23Z,,eligible,(unknown),10-49
https://github.com/appcypher/awesome-mcp-servers,mcp-first-glance,community,,2637,,ok,2026-05-06T08:04:35Z,5629.0,False,False,226.0,main,public,545.0,2024-11-28T23:53:45Z,,eligible,(unknown),1000+
https://github.com/punkpeye/awesome-mcp-servers,mcp-first-glance,community,,37801,,ok,2026-06-23T17:14:03Z,89788.0,False,False,54066.0,main,public,1776.0,2024-11-30T04:49:10Z,,eligible,(unknown),1000+
https://github.com/apappascs/mcp-servers-hub,mcp-first-glance,community,,176,,ok,2026-06-24T16:09:24Z,328.0,False,False,7454.0,main,public,17.0,2024-12-23T14:33:16Z,,eligible,(unknown),200-999
https://github.com/IBM/wxflows,mcp-first-glance,official,,75,,ok,2025-09-18T01:31:09Z,120.0,False,False,5054.0,main,public,9.0,2024-07-01T20:49:35Z,,eligible,(unknown),50-199
https://github.com/jiangtao/blog,mcp-first-glance,mined,Shell,51,,ok,2026-06-04T15:21:16Z,53.0,False,False,39878.0,master,public,16.0,2017-02-18T10:54:44Z,Astro,eligible,Astro,50-199
https://github.com/justinpbarnett/unity-mcp,mcp-first-glance,mined,C#,632,,ok,2026-06-15T07:17:56Z,11033.0,False,False,42369.0,beta,public,57.0,2025-03-18T11:01:58Z,C#,eligible,C#,1000+
https://github.com/prajwalshettydev/UnrealGenAISupport,mcp-first-glance,mined,C++,36,,ok,2026-04-28T10:10:46Z,615.0,False,False,15423.0,main,public,8.0,2024-11-17T16:25:35Z,C++,eligible,C++,200-999
https://github.com/explorium-ai/mcp-explorium,mcp-first-glance,mined,Python,2,,ok,2026-03-03T15:32:02Z,22.0,False,False,241.0,main,public,5.0,2025-03-05T08:32:05Z,Dockerfile,eligible,Dockerfile,10-49
https://github.com/geropl/linear-mcp-go,mcp-first-glance,community,Go,5,,ok,2025-10-08T16:01:25Z,11.0,False,False,302.0,main,public,1.0,2025-02-27T15:35:29Z,Go,eligible,Go,10-49
https://github.com/alibaba/higress,mcp-first-glance,community,Go,4896,,ok,2026-06-25T09:36:02Z,8717.0,False,False,42036.0,main,public,792.0,2022-10-27T03:53:00Z,Go,eligible,Go,1000+
https://github.com/manusa/kubernetes-mcp-server,mcp-first-glance,community,Go,89,,ok,2026-06-25T15:01:07Z,1719.0,False,False,5862.0,main,public,79.0,2025-02-11T02:57:36Z,Go,eligible,Go,1000+
https://github.com/kagent-dev/kagent,mcp-first-glance,mined,Python,260,,ok,2026-06-25T15:08:56Z,3114.0,False,False,23819.0,main,public,103.0,2025-01-21T17:03:23Z,Go,eligible,Go,1000+
https://github.com/chaindead/telegram-mcp,mcp-first-glance,community,Go,26,,ok,2026-05-28T17:44:53Z,335.0,False,False,59.0,main,public,8.0,2025-04-01T14:43:04Z,Go,eligible,Go,200-999
https://github.com/mark3labs/mcp-filesystem-server,mcp-first-glance,community,Go,198,,ok,2025-11-24T15:46:55Z,659.0,False,False,90.0,main,public,25.0,2024-11-28T12:15:08Z,Go,eligible,Go,200-999
https://github.com/AzureCosmosDB/azure-cosmos-mcp-server,mcp-first-glance,mined,JavaScript,11,,ok,2025-11-25T06:09:37Z,64.0,False,False,32674.0,main,public,4.0,2025-03-12T16:48:43Z,Go,eligible,Go,50-199
https://github.com/oschina/mcp-gitee,mcp-first-glance,official,Go,19,,ok,2026-06-11T07:07:52Z,61.0,False,False,3652.0,master,public,3.0,2025-03-12T09:46:56Z,Go,eligible,Go,50-199
https://github.com/strowk/foxy-contexts,mcp-first-glance,community,Go,88,,ok,2025-11-19T13:26:18Z,114.0,False,False,1912.0,main,public,1.0,2024-12-01T06:23:37Z,Go,eligible,Go,50-199
https://github.com/alexwohletz/language-server-mcp,mcp-first-glance,mined,HTML,13,,ok,2025-11-26T23:18:42Z,26.0,False,False,113.0,main,public,0.0,2024-12-17T19:45:31Z,HTML,eligible,HTML,10-49
https://github.com/worldnine/scrapbox-cosense-mcp,mcp-first-glance,mined,TypeScript,3,,ok,2026-04-08T16:32:47Z,46.0,False,False,371.0,main,public,1.0,2025-01-12T12:06:35Z,HTML,eligible,HTML,10-49
https://github.com/AI-QL/chat-mcp,mcp-first-glance,community,HTML,127,,ok,2025-09-27T14:05:05Z,241.0,False,False,10200.0,main,public,1.0,2024-12-01T15:42:21Z,HTML,eligible,HTML,200-999
https://github.com/hungryrobot1/MCP-PIF,mcp-first-glance,community,TypeScript,21,,ok,2025-10-20T14:28:42Z,57.0,False,False,31.0,main,public,1.0,2025-01-29T02:59:09Z,Haskell,eligible,Haskell,50-199
https://github.com/johnnyoshika/mcp-server-sqlite-npx,mcp-first-glance,mined,JavaScript,2,,ok,2025-10-25T23:23:45Z,18.0,False,False,155.0,main,public,2.0,2024-12-27T21:24:32Z,JavaScript,eligible,JavaScript,10-49
https://github.com/cfdude/super-shell-mcp,mcp-first-glance,mined,JavaScript,0,,ok,2026-03-13T22:41:51Z,17.0,False,False,17611.0,main,public,4.0,2025-03-13T03:58:30Z,JavaScript,eligible,JavaScript,10-49
https://github.com/kfastov/telegram-mcp-server,mcp-first-glance,mined,JavaScript,2,,ok,2026-06-22T15:53:53Z,41.0,False,False,461.0,main,public,15.0,2025-03-19T14:48:50Z,JavaScript,eligible,JavaScript,10-49
https://github.com/ryanjoachim/mcp-rtfm,mcp-first-glance,mined,JavaScript,33,,ok,2026-04-20T00:02:31Z,35.0,False,False,141.0,main,public,2.0,2024-12-18T09:33:53Z,JavaScript,eligible,JavaScript,10-49
https://github.com/shanejonas/openrpc-mpc-server,mcp-first-glance,community,JavaScript,27,,ok,2026-03-02T15:13:50Z,43.0,False,False,20.0,main,public,4.0,2024-12-03T03:34:12Z,JavaScript,eligible,JavaScript,10-49
https://github.com/hmk/box-mcp-server,mcp-first-glance,mined,JavaScript,2,,ok,2025-08-22T14:46:26Z,11.0,False,False,220.0,main,public,2.0,2024-12-31T00:49:10Z,JavaScript,eligible,JavaScript,10-49
https://github.com/KS-GEN-AI/jira-mcp-server,mcp-first-glance,mined,JavaScript,8,,ok,2025-10-23T07:53:30Z,25.0,False,False,36.0,main,public,3.0,2024-12-12T08:51:16Z,JavaScript,eligible,JavaScript,10-49
https://github.com/bsmi021/mcp-file-context-server,mcp-first-glance,mined,JavaScript,2,,ok,2025-07-10T23:26:28Z,37.0,False,False,911.0,main,public,3.0,2025-01-03T13:50:08Z,JavaScript,eligible,JavaScript,10-49
https://github.com/KunihiroS/claude-code-mcp,mcp-first-glance,mined,JavaScript,6,,ok,2026-03-06T07:33:57Z,34.0,False,False,84.0,main,public,0.0,2025-03-08T11:12:05Z,JavaScript,eligible,JavaScript,10-49
https://github.com/PoliTwit1984/mcp-perplexity-server,mcp-first-glance,mined,JavaScript,10,,ok,2026-05-10T22:51:16Z,13.0,False,False,18.0,main,public,0.0,2024-12-27T21:30:17Z,JavaScript,eligible,JavaScript,10-49
https://github.com/zereight/confluence-mcp,mcp-first-glance,mined,JavaScript,5,,ok,2025-10-02T00:53:28Z,28.0,False,False,45.0,main,public,3.0,2025-02-11T01:24:56Z,JavaScript,eligible,JavaScript,10-49
https://github.com/coinpaprika/dexpaprika-mcp,mcp-first-glance,mined,JavaScript,1,,ok,2026-06-22T08:16:18Z,40.0,False,False,119.0,main,public,1.0,2025-03-11T10:59:30Z,JavaScript,eligible,JavaScript,10-49
https://github.com/hdresearch/mcp-shell,mcp-first-glance,mined,JavaScript,25,,ok,2025-12-15T18:04:59Z,41.0,False,False,35.0,main,public,6.0,2024-11-26T02:45:12Z,JavaScript,eligible,JavaScript,10-49
https://github.com/Bigsy/maven-mcp-server,mcp-first-glance,mined,JavaScript,4,,ok,2026-04-24T18:04:08Z,33.0,False,False,85.0,main,public,0.0,2024-12-17T21:09:30Z,JavaScript,eligible,JavaScript,10-49
https://github.com/btwiuse/npm-search-mcp-server,mcp-first-glance,mined,JavaScript,7,,ok,2026-02-20T23:48:35Z,16.0,False,False,1326.0,main,public,2.0,2025-01-04T07:28:04Z,JavaScript,eligible,JavaScript,10-49
https://github.com/kazuph/mcp-fetch,mcp-first-glance,mined,JavaScript,10,,ok,2026-06-12T13:45:10Z,40.0,False,False,135.0,main,public,3.0,2024-12-10T07:56:53Z,JavaScript,eligible,JavaScript,10-49
https://github.com/CartographAI/mcp-server-codegraph,mcp-first-glance,mined,JavaScript,0,,ok,2025-10-03T03:07:40Z,22.0,False,False,39.0,master,public,2.0,2025-02-19T09:58:25Z,JavaScript,eligible,JavaScript,10-49
https://github.com/kazuph/mcp-screenshot,mcp-first-glance,mined,JavaScript,10,,ok,2026-06-12T14:24:50Z,23.0,False,False,97.0,main,public,2.0,2024-12-19T04:43:22Z,JavaScript,eligible,JavaScript,10-49
https://github.com/secmate-ai/CyberSecurity-MCPs,mcp-first-glance,mined,JavaScript,4,,ok,2026-02-04T07:38:50Z,16.0,False,False,73.0,main,public,0.0,2025-02-08T02:41:38Z,JavaScript,eligible,JavaScript,10-49
https://github.com/DMontgomery40/meta-mcp-server,mcp-first-glance,mined,JavaScript,7,,ok,2026-03-23T19:56:56Z,22.0,False,False,89.0,main,public,1.0,2024-12-04T23:43:12Z,JavaScript,eligible,JavaScript,10-49
https://github.com/Coding-Solo/godot-mcp,mcp-first-glance,community,JavaScript,29,,ok,2026-04-16T23:37:00Z,4402.0,False,False,109.0,main,public,58.0,2025-02-26T21:58:45Z,JavaScript,eligible,JavaScript,1000+
https://github.com/mendableai/firecrawl-mcp-server,mcp-first-glance,official,JavaScript,1445,,ok,2026-06-24T20:14:30Z,6690.0,False,False,3578.0,main,public,126.0,2024-12-06T07:50:27Z,JavaScript,eligible,JavaScript,1000+
https://github.com/tavily-ai/tavily-mcp,mcp-first-glance,official,JavaScript,138,,ok,2026-06-24T00:50:16Z,2143.0,False,False,58017.0,main,public,44.0,2025-01-27T16:56:37Z,JavaScript,eligible,JavaScript,1000+
https://github.com/benborla/mcp-server-mysql,mcp-first-glance,community,TypeScript,225,,ok,2026-06-22T05:04:37Z,1875.0,False,False,29880.0,main,public,43.0,2024-12-09T14:02:55Z,JavaScript,eligible,JavaScript,1000+
https://github.com/BurtTheCoder/mcp-maigret,mcp-first-glance,mined,JavaScript,24,,ok,2026-01-27T03:36:32Z,246.0,False,False,31.0,main,public,6.0,2024-12-13T05:10:16Z,JavaScript,eligible,JavaScript,200-999
https://github.com/makafeli/n8n-workflow-builder,mcp-first-glance,mined,JavaScript,104,,ok,2026-03-19T11:11:52Z,527.0,False,False,1361.0,main,public,5.0,2025-01-14T21:43:54Z,JavaScript,eligible,JavaScript,200-999
https://github.com/openbnb-org/mcp-server-airbnb,mcp-first-glance,community,JavaScript,14,,ok,2026-04-14T00:54:59Z,479.0,False,False,59.0,main,public,14.0,2025-03-10T00:20:50Z,JavaScript,eligible,JavaScript,200-999
https://github.com/angiejones/mcp-selenium,mcp-first-glance,mined,JavaScript,12,,ok,2026-02-23T03:24:23Z,419.0,False,False,252.0,main,public,4.0,2025-02-12T05:25:05Z,JavaScript,eligible,JavaScript,200-999
https://github.com/vercel-labs/mcp-on-vercel,mcp-first-glance,mined,TypeScript,96,,ok,2025-09-11T22:25:07Z,251.0,False,False,60.0,main,public,5.0,2025-03-08T19:52:36Z,JavaScript,eligible,JavaScript,200-999
https://github.com/salacoste/mcp-n8n-workflow-builder,mcp-first-glance,mined,JavaScript,3,,ok,2026-04-12T19:52:58Z,228.0,False,False,981.0,main,public,1.0,2025-03-15T22:48:16Z,JavaScript,eligible,JavaScript,200-999
https://github.com/DaInfernalCoder/perplexity-mcp,mcp-first-glance,mined,JavaScript,139,,ok,2025-11-01T19:36:40Z,295.0,False,False,85.0,main,public,5.0,2025-01-26T14:26:30Z,JavaScript,eligible,JavaScript,200-999
https://github.com/ravitemer/mcp-hub,mcp-first-glance,mined,JavaScript,32,,ok,2025-10-24T02:17:55Z,499.0,False,False,612.0,main,public,19.0,2025-02-20T12:31:20Z,JavaScript,eligible,JavaScript,200-999
https://github.com/merill/lokka,mcp-first-glance,mined,JavaScript,15,,ok,2026-06-19T14:02:21Z,268.0,False,False,29905.0,main,public,4.0,2025-03-15T00:27:07Z,JavaScript,eligible,JavaScript,200-999
https://github.com/anaisbetts/mcp-youtube,mcp-first-glance,mined,JavaScript,203,,ok,2026-06-19T18:43:14Z,530.0,False,False,95.0,main,public,8.0,2024-11-19T18:41:07Z,JavaScript,eligible,JavaScript,200-999
https://github.com/kazuph/mcp-taskmanager,mcp-first-glance,mined,JavaScript,28,,ok,2026-06-12T08:36:28Z,215.0,False,False,45.0,main,public,5.0,2024-12-13T03:44:34Z,JavaScript,eligible,JavaScript,200-999
https://github.com/ryaker/outlook-mcp,mcp-first-glance,mined,JavaScript,4,,ok,2026-03-30T19:25:20Z,395.0,False,False,225.0,main,public,16.0,2025-03-13T19:53:37Z,JavaScript,eligible,JavaScript,200-999
https://github.com/adenot/mcp-google-search,mcp-first-glance,community,JavaScript,13,,ok,2025-09-24T08:06:11Z,67.0,False,False,26.0,main,public,4.0,2025-02-01T02:27:36Z,JavaScript,eligible,JavaScript,50-199
https://github.com/seekrays/seekchat,mcp-first-glance,mined,JavaScript,3,,ok,2025-10-14T06:41:19Z,64.0,False,False,6046.0,main,public,5.0,2025-03-10T16:16:48Z,JavaScript,eligible,JavaScript,50-199
https://github.com/misterboe/strapi-mcp-server,mcp-first-glance,mined,JavaScript,10,,ok,2026-01-07T08:14:57Z,74.0,False,False,90.0,main,public,1.0,2024-12-19T07:13:21Z,JavaScript,eligible,JavaScript,50-199
https://github.com/dazeb/cline-mcp-memory-bank,mcp-first-glance,mined,JavaScript,13,,ok,2025-07-17T04:36:47Z,61.0,False,False,620.0,main,public,1.0,2025-03-13T21:23:48Z,JavaScript,eligible,JavaScript,50-199
https://github.com/felores/gdrive-mcp-server,mcp-first-glance,mined,JavaScript,9,,ok,2025-11-07T11:04:20Z,70.0,False,False,14.0,main,public,6.0,2025-01-11T04:58:48Z,JavaScript,eligible,JavaScript,50-199
https://github.com/inkdropapp/mcp-server,mcp-first-glance,mined,JavaScript,12,,ok,2026-03-04T04:48:07Z,56.0,False,False,140.0,main,public,0.0,2025-03-07T07:04:47Z,JavaScript,eligible,JavaScript,50-199
https://github.com/DMontgomery40/mcp-canvas-lms,mcp-first-glance,mined,JavaScript,1,,ok,2026-05-31T23:10:16Z,100.0,False,False,5721.0,main,public,1.0,2024-12-05T02:46:01Z,JavaScript,eligible,JavaScript,50-199
https://github.com/vectorize-io/vectorize-mcp-server,mcp-first-glance,mined,JavaScript,40,,ok,2026-06-19T15:15:49Z,107.0,False,False,71.0,main,public,4.0,2025-03-10T14:43:02Z,JavaScript,eligible,JavaScript,50-199
https://github.com/Streen9/react-mcp,mcp-first-glance,mined,JavaScript,3,,ok,2025-10-31T16:05:42Z,71.0,False,False,63.0,main,public,2.0,2025-02-26T05:36:46Z,JavaScript,eligible,JavaScript,50-199
https://github.com/garc33/bitbucket-server-mcp-server,mcp-first-glance,mined,JavaScript,1,,ok,2026-06-16T04:41:48Z,64.0,False,False,144.0,main,public,7.0,2025-01-19T18:53:55Z,JavaScript,eligible,JavaScript,50-199
https://github.com/mcpdotdirect/template-mcp-server,mcp-first-glance,community,TypeScript,4,,ok,2025-11-26T17:15:43Z,75.0,False,False,25.0,main,public,1.0,2025-03-10T21:29:20Z,JavaScript,eligible,JavaScript,50-199
https://github.com/dazeb/markdown-downloader,mcp-first-glance,mined,JavaScript,10,,ok,2025-07-18T01:59:08Z,53.0,False,False,31.0,main,public,3.0,2024-12-20T22:11:17Z,JavaScript,eligible,JavaScript,50-199
https://github.com/tinyfish-io/agentql-mcp,mcp-first-glance,official,JavaScript,45,,ok,2026-06-25T15:19:20Z,174.0,False,False,665.0,main,public,5.0,2024-12-21T01:12:55Z,JavaScript,eligible,JavaScript,50-199
https://github.com/wooorm/npm-high-impact,mcp-first-glance,mined,JavaScript,87,,ok,2026-06-08T16:52:31Z,107.0,False,False,960.0,main,public,0.0,2022-11-03T17:58:50Z,JavaScript,eligible,JavaScript,50-199
https://github.com/ragieai/ragie-mcp-server,mcp-first-glance,mined,JavaScript,4,,ok,2026-02-04T03:44:35Z,86.0,False,False,73.0,main,public,2.0,2025-02-28T00:23:00Z,JavaScript,eligible,JavaScript,50-199
https://github.com/horizondatawave/hdw-mcp-server,mcp-first-glance,community,JavaScript,13,,ok,2026-05-20T08:21:22Z,62.0,False,False,1379.0,main,public,2.0,2025-03-12T20:27:22Z,JavaScript,eligible,JavaScript,50-199
https://github.com/kimtth/azure-openai-cookbook,mcp-first-glance,mined,Jupyter Notebook,2,,ok,2026-01-16T23:22:10Z,15.0,False,False,1195318.0,main,public,1.0,2025-03-05T08:29:56Z,Jupyter Notebook,eligible,Jupyter Notebook,10-49
https://github.com/gyliu513/langX101,mcp-first-glance,mined,Jupyter Notebook,7,,ok,2026-06-21T01:51:54Z,16.0,False,False,59681.0,main,public,6.0,2023-09-07T17:42:50Z,Jupyter Notebook,eligible,Jupyter Notebook,10-49
https://github.com/panaversity/learn-agentic-ai,mcp-first-glance,mined,Jupyter Notebook,940,,ok,2025-10-26T01:09:51Z,4247.0,False,False,213387.0,main,public,59.0,2024-06-12T07:50:04Z,Jupyter Notebook,eligible,Jupyter Notebook,1000+
https://github.com/Azure-Samples/AI-Gateway,mcp-first-glance,mined,Jupyter Notebook,427,,ok,2026-06-23T15:45:35Z,946.0,False,False,97918.0,main,public,62.0,2024-04-03T10:56:50Z,Jupyter Notebook,eligible,Jupyter Notebook,200-999
https://github.com/singlestore-labs/mcp-server-singlestore,mcp-first-glance,official,Python,11,,ok,2026-06-12T11:31:31Z,33.0,False,False,1179.0,main,public,18.0,2025-03-03T11:25:06Z,Python,eligible,Python,10-49
https://github.com/Fibery-inc/fibery-mcp-server,mcp-first-glance,official,Python,6,,ok,2026-05-13T07:45:30Z,30.0,False,False,95.0,main,public,5.0,2025-03-13T09:34:09Z,Python,eligible,Python,10-49
https://github.com/seanchatmangpt/dslmodel,mcp-first-glance,mined,Python,23,,ok,2025-06-27T22:54:20Z,27.0,False,False,54694.0,main,public,0.0,2024-10-03T00:11:22Z,Python,eligible,Python,10-49
https://github.com/minhyeoky/mcp-server-ledger,mcp-first-glance,mined,Python,3,,ok,2025-10-19T05:15:07Z,49.0,False,False,32.0,master,public,3.0,2025-03-16T09:51:36Z,Python,eligible,Python,10-49
https://github.com/datalayer/earthdata-mcp-server,mcp-first-glance,mined,Python,8,,ok,2026-03-19T07:31:13Z,27.0,False,False,156.0,main,public,3.0,2025-02-27T15:32:05Z,Python,eligible,Python,10-49
https://github.com/co-browser/attestable-mcp-server,mcp-first-glance,community,Python,5,,ok,2026-05-20T20:43:30Z,19.0,False,False,64.0,main,public,4.0,2025-03-27T00:49:12Z,Python,eligible,Python,10-49
https://github.com/yangkyeongmo/mcp-server-openmetadata,mcp-first-glance,mined,Python,2,,ok,2025-08-26T04:30:53Z,24.0,False,False,227.0,main,public,1.0,2025-02-19T14:17:02Z,Python,eligible,Python,10-49
https://github.com/DappierAI/dappier-mcp,mcp-first-glance,community,Python,1,,ok,2025-06-27T08:49:05Z,40.0,False,False,78.0,staging,public,1.0,2025-01-28T16:50:50Z,Python,eligible,Python,10-49
https://github.com/aliyun/alibabacloud-hologres-mcp-server,mcp-first-glance,official,Python,15,,ok,2026-06-20T15:46:17Z,34.0,False,False,2238.0,master,public,8.0,2025-03-20T03:30:27Z,Python,eligible,Python,10-49
https://github.com/DTeam-Top/tsw-cli,mcp-first-glance,mined,Python,8,,ok,2025-07-02T07:35:29Z,20.0,False,False,173.0,main,public,0.0,2025-02-03T03:56:03Z,Python,eligible,Python,10-49
https://github.com/tosin2013/mcp-codebase-insight,mcp-first-glance,mined,Python,0,,ok,2025-11-19T07:14:38Z,12.0,False,False,1869.0,main,public,26.0,2025-03-19T14:32:08Z,Python,eligible,Python,10-49
https://github.com/apache/iotdb-mcp-server,mcp-first-glance,official,Python,9,,ok,2026-05-15T22:06:39Z,38.0,False,False,27.0,main,public,3.0,2025-04-02T07:44:29Z,Python,eligible,Python,10-49
https://github.com/codingthefuturewithai/rag-retriever,mcp-first-glance,mined,Python,24,,ok,2025-07-20T17:40:04Z,27.0,False,False,47942.0,main,public,3.0,2025-01-09T14:31:37Z,Python,eligible,Python,10-49
https://github.com/piplabs/story-mcp-hub,mcp-first-glance,mined,Python,11,,ok,2025-10-17T01:24:15Z,17.0,False,False,909.0,main,public,7.0,2025-02-24T00:59:06Z,Python,eligible,Python,10-49
https://github.com/GreptimeTeam/greptimedb-mcp-server,mcp-first-glance,official,Python,7,,ok,2026-06-17T03:06:51Z,28.0,False,False,216.0,main,public,5.0,2025-03-12T09:11:28Z,Python,eligible,Python,10-49
https://github.com/j4c0bs/mcp-server-sql-analyzer,mcp-first-glance,mined,Python,2,,ok,2025-07-01T14:37:41Z,31.0,False,False,38.0,main,public,0.0,2025-01-23T16:33:06Z,Python,eligible,Python,10-49
https://github.com/kenliao94/mcp-server-rabbitmq,mcp-first-glance,community,Python,13,,ok,2025-10-14T20:42:39Z,38.0,False,False,124.0,main,public,7.0,2025-01-02T00:39:32Z,Python,eligible,Python,10-49
https://github.com/andybrandt/mcp-simple-timeserver,mcp-first-glance,mined,Python,8,,ok,2026-02-18T10:34:44Z,32.0,False,False,2445.0,master,public,3.0,2024-12-01T16:54:06Z,Python,eligible,Python,10-49
https://github.com/VectorInstitute/mcp-goodnews,mcp-first-glance,community,Python,13,,ok,2025-07-17T21:16:49Z,47.0,False,False,101.0,main,public,2.0,2025-03-18T18:06:25Z,Python,eligible,Python,10-49
https://github.com/synaptiai/prompt-decorators,mcp-first-glance,mined,Python,10,,ok,2026-06-15T04:13:21Z,42.0,False,False,13009.0,main,public,8.0,2025-02-28T13:04:30Z,Python,eligible,Python,10-49
https://github.com/henihaddad/gcp-mcp,mcp-first-glance,mined,Python,6,,ok,2025-10-21T02:35:26Z,20.0,False,False,96.0,main,public,1.0,2025-03-19T00:31:58Z,Python,eligible,Python,10-49
https://github.com/unibaseio/aip-agent,mcp-first-glance,mined,Python,3,,ok,2025-11-16T13:04:27Z,17.0,False,False,3140.0,main,public,2.0,2025-02-11T06:36:23Z,Python,eligible,Python,10-49
https://github.com/MCP-100/mcp-sentry,mcp-first-glance,mined,Python,4,,ok,2025-07-18T09:02:32Z,22.0,False,False,410.0,main,public,2.0,2025-03-05T18:40:22Z,Python,eligible,Python,10-49
https://github.com/dailydaniel/logseq-mcp,mcp-first-glance,mined,Python,8,,ok,2026-06-13T21:42:42Z,34.0,False,False,182.0,main,public,1.0,2025-02-03T16:18:04Z,Python,eligible,Python,10-49
https://github.com/dvejsada/mcp-pptx-presentations-creator,mcp-first-glance,mined,Python,1,,ok,2026-06-24T10:14:10Z,30.0,False,False,1146.0,master,public,3.0,2025-01-11T22:48:26Z,Python,eligible,Python,10-49
https://github.com/MammothGrowth/dbt-cli-mcp,mcp-first-glance,mined,Python,1,,ok,2025-06-26T16:12:03Z,18.0,False,False,226.0,main,public,4.0,2025-03-17T00:59:05Z,Python,eligible,Python,10-49
https://github.com/laurentvv/crawl4ai-mcp,mcp-first-glance,mined,Python,4,,ok,2026-04-14T21:25:12Z,41.0,False,False,345.0,main,public,0.0,2025-03-10T14:56:34Z,Python,eligible,Python,10-49
https://github.com/ubie-oss/mcp-vertexai-search,mcp-first-glance,mined,Python,3,,ok,2026-06-22T17:43:29Z,35.0,False,False,345.0,main,public,2.0,2025-02-18T04:17:45Z,Python,eligible,Python,10-49
https://github.com/anshumax/world_bank_mcp_server,mcp-first-glance,community,Python,16,,ok,2025-08-17T09:14:37Z,49.0,False,False,43.0,master,public,1.0,2025-01-04T11:36:55Z,Python,eligible,Python,10-49
https://github.com/terilios/smartsheet-server,mcp-first-glance,mined,Python,5,,ok,2025-08-13T16:23:35Z,12.0,False,False,405.0,main,public,0.0,2025-01-31T02:27:10Z,Python,eligible,Python,10-49
https://github.com/baryhuang/mcp-server-aws-resources-python,mcp-first-glance,community,Python,6,,ok,2025-08-13T16:39:25Z,24.0,False,False,61.0,main,public,3.0,2025-01-14T08:41:10Z,Python,eligible,Python,10-49
https://github.com/AI-Agent-Hub/ai-agent-marketplace-index-mcp,mcp-first-glance,community,Python,7,,ok,2026-04-10T09:03:22Z,47.0,False,False,1566.0,main,public,1.0,2025-04-02T00:37:12Z,Python,eligible,Python,10-49
https://github.com/CodeLogicIncEngineering/codelogic-mcp-server,mcp-first-glance,official,Python,4,,ok,2026-06-24T05:02:52Z,36.0,False,False,1291.0,main,public,9.0,2025-04-02T13:11:29Z,Python,eligible,Python,10-49
https://github.com/54rt1n/container-mcp,mcp-first-glance,mined,Python,0,,ok,2026-03-27T13:43:07Z,22.0,False,False,325.0,master,public,1.0,2025-03-20T05:30:12Z,Python,eligible,Python,10-49
https://github.com/zzaebok/mcp-wikidata,mcp-first-glance,community,Python,4,,ok,2026-03-27T13:38:27Z,46.0,False,False,66.0,master,public,3.0,2025-04-02T14:25:02Z,Python,eligible,Python,10-49
https://github.com/rlopez133/mcp,mcp-first-glance,mined,Python,5,,ok,2025-10-17T19:57:09Z,20.0,False,False,110.0,main,public,0.0,2025-02-26T14:38:52Z,Python,eligible,Python,10-49
https://github.com/ahnlabio/bicscan-mcp,mcp-first-glance,official,Python,1,,ok,2026-02-17T01:35:00Z,16.0,False,False,20.0,main,public,0.0,2025-03-25T03:27:57Z,Python,eligible,Python,10-49
https://github.com/feiskyer/mcp-kubernetes-server,mcp-first-glance,mined,Python,0,,ok,2026-02-04T05:25:58Z,19.0,False,False,422.0,main,public,3.0,2025-03-20T13:49:16Z,Python,eligible,Python,10-49
https://github.com/sunkencity999/ollama_shell,mcp-first-glance,mined,Python,8,,ok,2026-06-24T23:23:01Z,15.0,False,False,13481.0,main,public,0.0,2025-02-17T19:24:14Z,Python,eligible,Python,10-49
https://github.com/mahm/softwaredesign-llm-application,mcp-first-glance,mined,Python,13,,ok,2026-06-22T08:51:36Z,36.0,False,False,7299.0,main,public,0.0,2023-08-28T22:51:38Z,Python,eligible,Python,10-49
https://github.com/dmayboroda/minima,mcp-first-glance,community,Python,705,,ok,2026-01-22T09:22:09Z,1047.0,False,False,648.0,main,public,14.0,2024-11-02T22:44:56Z,Python,eligible,Python,1000+
https://github.com/langchain-ai/mcpdoc,mcp-first-glance,mined,Python,23,,ok,2026-06-19T10:00:57Z,1007.0,False,False,311.0,main,public,13.0,2025-03-18T03:28:17Z,Python,eligible,Python,1000+
https://github.com/blazickjp/arxiv-mcp-server,mcp-first-glance,mined,Python,150,,ok,2026-05-18T18:00:11Z,2896.0,False,False,393.0,main,public,13.0,2024-11-29T16:34:00Z,Python,eligible,Python,1000+
https://github.com/neka-nat/freecad-mcp,mcp-first-glance,mined,Python,15,,ok,2026-06-11T13:40:13Z,1163.0,False,False,13117.0,main,public,20.0,2023-11-25T08:46:42Z,Python,eligible,Python,1000+
https://github.com/sooperset/mcp-atlassian,mcp-first-glance,community,Python,280,,ok,2026-06-20T04:29:37Z,5462.0,False,False,3569.0,main,public,311.0,2024-12-03T09:25:20Z,Python,eligible,Python,1000+
https://github.com/sparfenyuk/mcp-proxy,mcp-first-glance,community,Python,180,,ok,2026-06-08T21:06:12Z,2617.0,False,False,717.0,main,public,50.0,2024-12-26T20:31:54Z,Python,eligible,Python,1000+
https://github.com/chigwell/telegram-mcp,mcp-first-glance,community,Python,34,,ok,2026-06-22T06:52:47Z,1235.0,False,False,1596.0,main,public,19.0,2025-03-20T14:06:35Z,Python,eligible,Python,1000+
https://github.com/run-llama/llama_index,mcp-first-glance,mined,Python,40204,,ok,2026-06-24T19:36:43Z,50384.0,False,False,470580.0,main,public,497.0,2022-11-02T04:24:54Z,Python,eligible,Python,1000+
https://github.com/lastmile-ai/mcp-agent,mcp-first-glance,mined,Python,1534,,ok,2026-01-25T16:35:16Z,8384.0,False,False,27351.0,main,public,138.0,2024-12-18T01:55:10Z,Python,eligible,Python,1000+
https://github.com/i-am-bee/beeai-framework,mcp-first-glance,mined,TypeScript,2093,,ok,2026-06-25T10:03:08Z,3304.0,False,False,14575.0,main,public,30.0,2024-08-23T14:03:06Z,Python,eligible,Python,1000+
https://github.com/MarkusPfundstein/mcp-obsidian,mcp-first-glance,mined,Python,303,,ok,2026-05-15T10:25:32Z,3977.0,False,False,141.0,main,public,90.0,2024-11-29T11:07:12Z,Python,eligible,Python,1000+
https://github.com/OpenManus/OpenManus-RL,mcp-first-glance,mined,Python,1723,,ok,2026-05-05T06:03:26Z,4106.0,False,False,152818.0,main,public,26.0,2025-03-06T19:01:51Z,Python,eligible,Python,1000+
https://github.com/langflow-ai/langflow,mcp-first-glance,mined,Python,52334,,ok,2026-06-25T15:53:22Z,150077.0,False,False,1372179.0,main,public,956.0,2023-02-08T22:28:03Z,Python,eligible,Python,1000+
https://github.com/ahujasid/blender-mcp,mcp-first-glance,community,Python,7543,,ok,2026-06-11T13:20:04Z,23163.0,False,False,845.0,main,public,77.0,2025-03-07T09:58:58Z,Python,eligible,Python,1000+
https://github.com/qdrant/mcp-server-qdrant,mcp-first-glance,mined,Python,246,,ok,2026-06-23T10:25:18Z,1442.0,False,False,611.0,master,public,63.0,2024-12-02T12:07:39Z,Python,eligible,Python,1000+
https://github.com/msoedov/agentic_security,mcp-first-glance,mined,Python,1171,,ok,2026-06-23T07:20:13Z,1913.0,False,False,22406.0,main,public,69.0,2024-04-11T17:18:54Z,Python,eligible,Python,1000+
https://github.com/ezyang/codemcp,mcp-first-glance,mined,Python,727,,ok,2025-12-25T02:10:23Z,1611.0,False,False,1648.0,main,public,78.0,2025-03-09T03:58:34Z,Python,eligible,Python,1000+
https://github.com/topoteretes/cognee,mcp-first-glance,community,Jupyter Notebook,1938,,ok,2026-06-25T15:20:09Z,22211.0,False,False,191510.0,main,public,224.0,2023-08-16T16:16:33Z,Python,eligible,Python,1000+
https://github.com/tadata-org/fastapi_mcp,mcp-first-glance,community,Python,182,,ok,2025-11-24T14:51:54Z,11925.0,False,False,423.0,main,public,155.0,2025-03-08T11:15:43Z,Python,eligible,Python,1000+
https://github.com/XGenerationLab/xiyan_mcp_server,mcp-first-glance,community,Python,60,,ok,2026-02-11T09:41:44Z,236.0,False,False,2412.0,main,public,9.0,2025-03-13T07:39:00Z,Python,eligible,Python,200-999
https://github.com/lamaalrajih/kicad-mcp,mcp-first-glance,community,Python,3,,ok,2025-10-17T16:30:09Z,475.0,False,False,287.0,main,public,28.0,2025-03-20T04:47:00Z,Python,eligible,Python,200-999
https://github.com/hald/things-mcp,mcp-first-glance,mined,Python,11,,ok,2026-06-05T23:25:24Z,510.0,False,False,231.0,master,public,5.0,2025-01-06T06:43:57Z,Python,eligible,Python,200-999
https://github.com/cyberchitta/llm-context.py,mcp-first-glance,mined,Python,142,,ok,2026-06-19T14:31:08Z,301.0,False,False,1283.0,main,public,4.0,2024-04-20T15:51:14Z,Python,eligible,Python,200-999
https://github.com/varunneal/spotify-mcp,mcp-first-glance,community,Python,197,,ok,2026-03-11T14:15:06Z,605.0,False,False,4817.0,main,public,27.0,2024-12-01T02:06:14Z,Python,eligible,Python,200-999
https://github.com/runekaagaard/mcp-alchemy,mcp-first-glance,mined,Python,79,,ok,2025-08-15T07:18:27Z,411.0,False,False,1693.0,main,public,0.0,2024-12-26T14:09:30Z,Python,eligible,Python,200-999
https://github.com/SecretiveShell/MCP-Bridge,mcp-first-glance,mined,Python,490,,ok,2025-12-08T15:22:32Z,927.0,False,False,537.0,master,public,35.0,2024-11-30T19:29:35Z,Python,eligible,Python,200-999
https://github.com/ClickHouse/mcp-clickhouse,mcp-first-glance,official,Python,156,,ok,2026-06-20T16:05:36Z,811.0,False,False,731.0,main,public,61.0,2024-12-25T14:15:46Z,Python,eligible,Python,200-999
https://github.com/RichardHan/mssql_mcp_server,mcp-first-glance,mined,Python,19,,ok,2025-11-02T12:51:25Z,365.0,False,False,80.0,main,public,20.0,2025-01-05T14:37:51Z,Python,eligible,Python,200-999
https://github.com/tuanle96/mcp-odoo,mcp-first-glance,mined,Python,14,,ok,2026-06-11T13:05:04Z,346.0,False,False,1236.0,main,public,6.0,2025-03-17T14:00:54Z,Python,eligible,Python,200-999
https://github.com/chroma-core/chroma-mcp,mcp-first-glance,official,Python,83,,ok,2025-09-17T20:20:13Z,570.0,False,False,276.0,main,public,25.0,2025-02-11T00:23:22Z,Python,eligible,Python,200-999
https://github.com/InditexTech/mcp-teams-server,mcp-first-glance,community,Python,48,,ok,2026-06-23T20:14:47Z,379.0,False,False,59276.0,master,public,7.0,2025-03-18T13:03:30Z,Python,eligible,Python,200-999
https://github.com/osomai/servicenow-mcp,mcp-first-glance,community,Python,7,,ok,2026-04-26T15:45:58Z,271.0,False,False,224.0,main,public,32.0,2025-03-01T15:59:12Z,Python,eligible,Python,200-999
https://github.com/neo4j-contrib/mcp-neo4j,mcp-first-glance,official,Python,218,,ok,2026-04-10T18:53:37Z,971.0,False,False,27967.0,main,public,20.0,2024-12-03T15:44:25Z,Python,eligible,Python,200-999
https://github.com/carterlasalle/mac_messages_mcp,mcp-first-glance,community,Python,12,,ok,2026-06-16T21:51:39Z,298.0,False,False,353.0,main,public,0.0,2025-03-13T04:24:07Z,Python,eligible,Python,200-999
https://github.com/pab1it0/prometheus-mcp-server,mcp-first-glance,community,Python,2,,ok,2026-06-22T13:58:08Z,484.0,False,False,959.0,main,public,11.0,2025-03-19T16:36:09Z,Python,eligible,Python,200-999
https://github.com/cr7258/elasticsearch-mcp-server,mcp-first-glance,community,Python,98,,ok,2026-05-22T14:44:30Z,290.0,False,False,903.0,main,public,9.0,2025-01-09T04:20:03Z,Python,eligible,Python,200-999
https://github.com/burningion/video-editing-mcp,mcp-first-glance,community,Python,104,,ok,2025-10-09T03:27:58Z,275.0,False,False,4223.0,main,public,6.0,2024-12-03T17:02:20Z,Python,eligible,Python,200-999
https://github.com/stefanoamorelli/sec-edgar-mcp,mcp-first-glance,community,Python,6,,ok,2026-06-23T22:30:22Z,326.0,False,False,2646.0,main,public,23.0,2025-04-01T17:13:35Z,Python,eligible,Python,200-999
https://github.com/ctavolazzi/NovaSystem,mcp-first-glance,mined,Python,213,,ok,2026-05-07T23:41:39Z,225.0,False,False,305937.0,main,public,22.0,2023-05-27T01:04:46Z,Python,eligible,Python,200-999
https://github.com/keli-wen/mcp_chatbot,mcp-first-glance,mined,Python,6,,ok,2025-07-30T13:32:22Z,251.0,False,False,8731.0,master,public,10.0,2025-03-17T07:25:07Z,Python,eligible,Python,200-999
https://github.com/jjsantos01/qgis_mcp,mcp-first-glance,community,Python,434,,ok,2025-10-01T01:23:25Z,994.0,False,False,153.0,main,public,16.0,2025-03-12T21:09:53Z,Python,eligible,Python,200-999
https://github.com/docling-project/docling-mcp,mcp-first-glance,mined,Python,2,,ok,2026-06-15T07:35:17Z,669.0,False,False,7154.0,main,public,29.0,2025-03-14T08:58:54Z,Python,eligible,Python,200-999
https://github.com/authed-dev/authed,mcp-first-glance,mined,Python,72,,ok,2026-05-08T14:44:01Z,833.0,False,False,1191.0,main,public,0.0,2025-02-24T06:11:09Z,Python,eligible,Python,200-999
https://github.com/kagisearch/kagimcp,mcp-first-glance,official,Python,39,,ok,2026-05-27T21:40:48Z,429.0,False,False,225.0,main,public,5.0,2024-12-13T02:41:16Z,Python,eligible,Python,200-999
https://github.com/motherduckdb/mcp-server-motherduck,mcp-first-glance,official,Python,46,,ok,2026-06-20T16:09:24Z,497.0,False,False,1162.0,main,public,8.0,2024-12-12T23:37:11Z,Python,eligible,Python,200-999
https://github.com/Rudra-ravi/wikipedia-mcp,mcp-first-glance,mined,Python,1,,ok,2026-05-01T03:39:08Z,264.0,False,False,230.0,main,public,0.0,2025-03-08T10:00:18Z,Python,eligible,Python,200-999
https://github.com/voska/hass-mcp,mcp-first-glance,community,Python,43,,ok,2026-06-23T16:45:27Z,303.0,False,False,137.0,master,public,6.0,2025-03-16T18:27:30Z,Python,eligible,Python,200-999
https://github.com/grll/mcpadapt,mcp-first-glance,mined,Python,199,,ok,2025-10-24T15:34:18Z,421.0,False,False,5599.0,main,public,25.0,2025-01-11T23:23:49Z,Python,eligible,Python,200-999
https://github.com/Geeksfino/kb-mcp-server,mcp-first-glance,mined,Python,14,,ok,2025-08-06T20:04:05Z,70.0,False,False,1566.0,main,public,7.0,2025-02-27T10:00:42Z,Python,eligible,Python,50-199
https://github.com/andybrandt/mcp-simple-pubmed,mcp-first-glance,mined,Python,29,,ok,2026-03-19T13:33:40Z,167.0,False,False,188.0,master,public,1.0,2024-12-11T14:53:03Z,Python,eligible,Python,50-199
https://github.com/ferdousbhai/tasty-agent,mcp-first-glance,mined,Python,7,,ok,2026-06-01T14:35:15Z,73.0,False,False,532.0,main,public,0.0,2024-11-08T01:59:37Z,Python,eligible,Python,50-199
https://github.com/jmagar/unraid-mcp,mcp-first-glance,mined,Python,2,,ok,2026-06-25T12:15:55Z,84.0,False,False,6334.0,main,public,3.0,2025-06-11T20:31:59Z,Python,eligible,Python,50-199
https://github.com/ttiimmaacc/cinema4d-mcp,mcp-first-glance,mined,Python,1,,ok,2026-03-07T22:31:38Z,91.0,False,False,296.0,main,public,7.0,2025-03-13T23:37:43Z,Python,eligible,Python,50-199
https://github.com/dschuler36/reaper-mcp-server,mcp-first-glance,community,Python,10,,ok,2026-02-08T18:26:00Z,106.0,False,False,1389.0,main,public,1.0,2025-01-17T00:59:21Z,Python,eligible,Python,50-199
https://github.com/pab1it0/adx-mcp-server,mcp-first-glance,community,Python,5,,ok,2026-03-25T20:37:34Z,55.0,False,False,192.0,main,public,0.0,2025-03-10T10:04:07Z,Python,eligible,Python,50-199
https://github.com/deepset-ai/haystack-core-integrations,mcp-first-glance,mined,Python,138,,ok,2026-06-25T14:32:05Z,199.0,False,False,49957.0,main,public,83.0,2022-08-19T08:17:34Z,Python,eligible,Python,50-199
https://github.com/ShenghaiWang/xcodebuild,mcp-first-glance,community,Python,6,,ok,2025-08-15T20:45:47Z,84.0,False,False,36.0,main,public,0.0,2025-03-02T07:07:58Z,Python,eligible,Python,50-199
https://github.com/oceanbase/mcp-oceanbase,mcp-first-glance,official,Python,6,,ok,2026-06-09T06:13:08Z,103.0,False,False,899.0,main,public,7.0,2025-03-19T09:24:59Z,Python,eligible,Python,50-199
https://github.com/phil65/llmling-agent,mcp-first-glance,mined,Python,14,,ok,2026-04-25T23:36:00Z,170.0,False,False,32966.0,main,public,12.0,2024-12-05T12:50:17Z,Python,eligible,Python,50-199
https://github.com/elroy-bot/elroy,mcp-first-glance,mined,Python,17,,ok,2026-06-03T18:43:22Z,58.0,False,False,59218.0,main,public,16.0,2024-11-07T16:14:25Z,Python,eligible,Python,50-199
https://github.com/gujord/OpenAPI-MCP,mcp-first-glance,mined,Python,0,,ok,2025-12-14T00:33:14Z,69.0,False,False,10941.0,main,public,1.0,2025-03-19T23:59:18Z,Python,eligible,Python,50-199
https://github.com/hanweg/mcp-discord,mcp-first-glance,mined,Python,36,,ok,2025-07-15T23:39:30Z,160.0,False,False,70.0,main,public,14.0,2024-12-28T17:51:34Z,Python,eligible,Python,50-199
https://github.com/aws-samples/sample-mcp-server-s3,mcp-first-glance,community,Python,32,,ok,2025-12-09T23:30:21Z,78.0,False,False,69.0,main,public,7.0,2024-12-23T16:04:25Z,Python,eligible,Python,50-199
https://github.com/keboola/keboola-mcp-server,mcp-first-glance,official,Python,5,,ok,2026-06-25T13:46:38Z,84.0,False,False,8177.0,main,public,34.0,2025-01-12T20:01:21Z,Python,eligible,Python,50-199
https://github.com/ZilongXue/claude-post,mcp-first-glance,community,Python,40,,ok,2026-06-01T19:34:39Z,113.0,False,False,146732.0,main,public,1.0,2025-01-07T05:55:38Z,Python,eligible,Python,50-199
https://github.com/yangkyeongmo/mcp-server-apache-airflow,mcp-first-glance,community,Python,3,,ok,2026-03-03T13:24:59Z,167.0,False,False,186.0,main,public,13.0,2025-02-13T04:09:06Z,Python,eligible,Python,50-199
https://github.com/nkapila6/mcp-local-rag,mcp-first-glance,community,Python,1,,ok,2026-06-22T01:23:14Z,126.0,False,False,22704.0,main,public,7.0,2025-03-13T09:20:19Z,Python,eligible,Python,50-199
https://github.com/berlinbra/alpha-vantage-mcp,mcp-first-glance,mined,Python,16,,ok,2025-10-22T01:17:15Z,98.0,False,False,167.0,main,public,3.0,2024-12-17T18:35:46Z,Python,eligible,Python,50-199
https://github.com/apeyroux/mcp-xmind,mcp-first-glance,community,JavaScript,13,,ok,2026-05-14T07:40:31Z,80.0,False,False,130.0,main,public,4.0,2024-12-12T14:35:09Z,Python,eligible,Python,50-199
https://github.com/smn2gnt/MCP-Salesforce,mcp-first-glance,community,Python,19,,ok,2026-05-30T02:21:55Z,178.0,False,False,148.0,master,public,2.0,2024-12-17T04:59:48Z,Python,eligible,Python,50-199
https://github.com/kennethreitz/mcp-applemusic,mcp-first-glance,mined,Python,26,,ok,2025-09-11T11:06:27Z,88.0,False,False,26.0,main,public,3.0,2025-02-08T22:16:09Z,Python,eligible,Python,50-199
https://github.com/meilisearch/meilisearch-mcp,mcp-first-glance,official,Python,48,,ok,2026-06-09T09:57:00Z,192.0,False,False,199.0,main,public,8.0,2024-12-23T14:53:05Z,Python,eligible,Python,50-199
https://github.com/ConechoAI/openai-websearch-mcp,mcp-first-glance,community,Python,34,,ok,2025-09-12T08:44:52Z,89.0,False,False,99.0,main,public,5.0,2025-03-12T05:59:19Z,Python,eligible,Python,50-199
https://github.com/AppThreat/vulnerability-db,mcp-first-glance,mined,Python,111,,ok,2026-06-16T12:50:03Z,145.0,False,False,7743.0,master,public,35.0,2020-01-20T10:16:06Z,Python,eligible,Python,50-199
https://github.com/IlyaGusev/yarxiv_mcp,mcp-first-glance,mined,Python,4,,ok,2026-01-25T00:26:38Z,89.0,False,False,226.0,main,public,4.0,2025-01-24T12:10:43Z,Python,eligible,Python,50-199
https://github.com/reminia/zendesk-mcp-server,mcp-first-glance,mined,Python,4,,ok,2026-03-06T05:26:09Z,105.0,False,False,31.0,main,public,16.0,2024-12-16T19:05:44Z,Python,eligible,Python,50-199
https://github.com/tumf/mcp-shell-server,mcp-first-glance,mined,Python,37,,ok,2026-06-23T19:41:10Z,176.0,False,False,821.0,main,public,0.0,2024-12-10T13:09:04Z,Python,eligible,Python,50-199
https://github.com/ChronulusAI/chronulus-mcp,mcp-first-glance,official,Python,20,,ok,2025-07-19T14:35:19Z,111.0,False,False,94.0,main,public,3.0,2025-02-16T03:33:30Z,Python,eligible,Python,50-199
https://github.com/cyberchitta/scrapling-fetch-mcp,mcp-first-glance,community,Python,12,,ok,2026-06-19T14:04:59Z,99.0,False,False,581.0,main,public,0.0,2025-03-13T07:04:37Z,Python,eligible,Python,50-199
https://github.com/Hawstein/mcp-server-reddit,mcp-first-glance,mined,Python,18,,ok,2026-06-10T04:17:35Z,178.0,False,False,20.0,main,public,5.0,2025-02-06T06:19:33Z,Python,eligible,Python,50-199
https://github.com/isaacwasserman/mcp-snowflake-server,mcp-first-glance,community,Python,43,,ok,2025-10-07T15:05:17Z,183.0,False,False,85.0,main,public,14.0,2024-12-13T20:30:59Z,Python,eligible,Python,50-199
https://github.com/9600dev/llmvm,mcp-first-glance,mined,Python,34,,ok,2025-08-15T01:23:44Z,141.0,False,False,44085.0,master,public,5.0,2023-06-15T22:21:41Z,Python,eligible,Python,50-199
https://github.com/appwrite/mcp,mcp-first-glance,mined,Python,26,,ok,2026-06-25T11:10:42Z,69.0,False,False,20462.0,main,public,5.0,2025-02-25T18:29:38Z,Python,eligible,Python,50-199
https://github.com/alchemiststudiosDOTai/tinyAgent,mcp-first-glance,mined,Python,11,,ok,2026-06-22T00:13:27Z,87.0,False,False,4868.0,master,public,2.0,2025-03-18T04:31:33Z,Python,eligible,Python,50-199
https://github.com/SecretiveShell/MCP-searxng,mcp-first-glance,mined,Python,31,,ok,2026-05-29T20:54:33Z,122.0,False,False,39.0,master,public,1.0,2024-12-13T15:54:33Z,Python,eligible,Python,50-199
https://github.com/StarRocks/mcp-server-starrocks,mcp-first-glance,official,Python,14,,ok,2026-06-17T00:20:38Z,178.0,False,False,681.0,main,public,10.0,2025-03-05T10:48:25Z,Python,eligible,Python,50-199
https://github.com/pab1it0/chess-mcp,mcp-first-glance,community,Python,23,,ok,2025-11-15T16:26:26Z,76.0,False,False,10414.0,main,public,5.0,2025-03-29T08:32:00Z,Python,eligible,Python,50-199
https://github.com/buryhuang/mcp-hubspot,mcp-first-glance,community,Python,45,,ok,2025-11-11T18:22:30Z,126.0,False,False,187.0,main,public,3.0,2024-12-27T08:40:49Z,Python,eligible,Python,50-199
https://github.com/adityak74/mcp-scholarly,mcp-first-glance,community,Python,34,,ok,2026-05-28T04:24:41Z,179.0,False,False,413.0,main,public,3.0,2025-01-01T05:34:06Z,Python,eligible,Python,50-199
https://github.com/GasStationManager/LeanTool,mcp-first-glance,mined,Python,17,,ok,2026-01-16T07:15:14Z,87.0,False,False,570.0,main,public,5.0,2024-11-26T01:33:44Z,Python,eligible,Python,50-199
https://github.com/mhyrr/sketchup-mcp,mcp-first-glance,mined,Ruby,17,,ok,2026-04-25T13:23:11Z,309.0,False,False,940.0,main,public,16.0,2025-03-13T20:12:46Z,Ruby,eligible,Ruby,200-999
https://github.com/hashintel/hash,mcp-first-glance,mined,TypeScript,1151,,ok,2026-06-25T15:53:46Z,1604.0,False,False,432425.0,main,public,72.0,2019-07-15T16:19:36Z,Rust,eligible,Rust,1000+
https://github.com/block/goose,mcp-first-glance,mined,Rust,10607,,ok,2026-06-25T15:02:29Z,50181.0,False,False,929407.0,main,public,227.0,2024-08-23T19:03:36Z,Rust,eligible,Rust,1000+
https://github.com/buger/probe,mcp-first-glance,mined,Rust,80,,ok,2026-06-12T06:50:03Z,643.0,False,False,22987.0,main,public,14.0,2025-03-05T16:09:15Z,Rust,eligible,Rust,200-999
https://github.com/eqtylab/mcp-guardian,mcp-first-glance,community,Rust,49,,ok,2025-08-08T01:17:20Z,200.0,False,False,5114.0,main,public,15.0,2025-02-02T20:42:41Z,Rust,eligible,Rust,200-999
https://github.com/oculairmedia/Letta-MCP-server,mcp-first-glance,mined,JavaScript,4,,ok,2026-06-22T04:15:38Z,75.0,False,False,41544.0,master,public,6.0,2025-03-06T06:32:16Z,Rust,eligible,Rust,50-199
https://github.com/cloud-apim/otoroshi-llm-extension,mcp-first-glance,mined,Scala,8,,ok,2026-06-25T14:33:59Z,18.0,False,False,43114.0,main,public,4.0,2024-07-04T12:26:09Z,Scala,eligible,Scala,10-49
https://github.com/Nazruden/clickup-mcp-server,mcp-first-glance,mined,TypeScript,5,,ok,2026-05-07T08:11:04Z,23.0,False,False,390.0,main,public,12.0,2025-02-06T17:54:49Z,TypeScript,eligible,TypeScript,10-49
https://github.com/zhangzhongnan928/mcp-blockchain-server,mcp-first-glance,mined,TypeScript,3,,ok,2026-06-21T08:40:28Z,10.0,False,False,206.0,main,public,1.0,2025-03-05T05:00:55Z,TypeScript,eligible,TypeScript,10-49
https://github.com/integration-app/mcp-server,mcp-first-glance,official,JavaScript,11,,ok,2026-03-04T19:32:07Z,38.0,False,False,10036.0,main,public,1.0,2025-01-14T21:52:32Z,TypeScript,eligible,TypeScript,10-49
https://github.com/suhail-ak-s/mcp-typesense-server,mcp-first-glance,community,TypeScript,6,,ok,2025-10-14T08:24:48Z,19.0,False,False,45.0,main,public,3.0,2025-02-27T15:44:58Z,TypeScript,eligible,TypeScript,10-49
https://github.com/m-siles/branch-thinking,mcp-first-glance,mined,TypeScript,20,,ok,2026-01-07T16:17:54Z,41.0,False,False,21.0,main,public,3.0,2025-01-17T00:45:07Z,TypeScript,eligible,TypeScript,10-49
https://github.com/Boston343/starwind-ui-mcp,mcp-first-glance,community,TypeScript,12,,ok,2026-06-25T00:58:52Z,35.0,False,False,220.0,main,public,0.0,2025-03-14T09:59:16Z,TypeScript,eligible,TypeScript,10-49
https://github.com/efritz/aidev,mcp-first-glance,mined,TypeScript,32,,ok,2025-11-27T17:29:32Z,39.0,False,False,1195.0,main,public,2.0,2024-08-15T21:27:45Z,TypeScript,eligible,TypeScript,10-49
https://github.com/yuiseki/gyazo-mcp-server,mcp-first-glance,mined,JavaScript,6,,ok,2026-06-23T10:52:39Z,26.0,False,False,307.0,main,public,20.0,2025-01-26T05:32:38Z,TypeScript,eligible,TypeScript,10-49
https://github.com/Ashish-Bansal/playwright-mcp,mcp-first-glance,mined,TypeScript,3,,ok,2025-11-05T20:59:06Z,31.0,False,False,7052.0,main,public,5.0,2025-03-10T16:57:54Z,TypeScript,eligible,TypeScript,10-49
https://github.com/amidabuddha/unichat-ts-mcp-server,mcp-first-glance,mined,TypeScript,9,,ok,2026-06-23T07:49:54Z,11.0,False,False,114.0,main,public,1.0,2024-12-02T06:15:11Z,TypeScript,eligible,TypeScript,10-49
https://github.com/maton-ai/agent-toolkit,mcp-first-glance,community,TypeScript,24,,ok,2026-04-28T22:27:35Z,45.0,False,False,190.0,main,public,3.0,2025-03-18T02:07:38Z,TypeScript,eligible,TypeScript,10-49
https://github.com/turlockmike/apple-notifier-mcp,mcp-first-glance,mined,TypeScript,8,,ok,2026-01-21T16:35:01Z,26.0,False,False,85.0,main,public,0.0,2024-12-19T02:37:23Z,TypeScript,eligible,TypeScript,10-49
https://github.com/PrashamTrivedi/valtown-mcp-server,mcp-first-glance,mined,TypeScript,1,,ok,2025-08-12T20:27:28Z,15.0,False,False,268.0,main,public,0.0,2025-03-16T18:03:17Z,TypeScript,eligible,TypeScript,10-49
https://github.com/cyanheads/mcp-reporter,mcp-first-glance,mined,TypeScript,3,,ok,2025-11-18T13:17:04Z,12.0,False,False,330.0,main,public,1.0,2025-03-15T23:13:31Z,TypeScript,eligible,TypeScript,10-49
https://github.com/samwang0723/mcp-sumologic,mcp-first-glance,mined,TypeScript,0,,ok,2026-03-07T10:55:42Z,11.0,False,False,99.0,main,public,3.0,2025-02-26T10:49:14Z,TypeScript,eligible,TypeScript,10-49
https://github.com/cyanheads/mentor-mcp-server,mcp-first-glance,mined,TypeScript,15,,ok,2025-07-22T11:06:42Z,30.0,False,False,66.0,main,public,3.0,2025-01-26T03:36:09Z,TypeScript,eligible,TypeScript,10-49
https://github.com/datastax/astra-db-mcp,mcp-first-glance,official,TypeScript,7,,ok,2026-06-22T14:13:52Z,38.0,False,False,955.0,main,public,5.0,2025-03-05T11:44:02Z,TypeScript,eligible,TypeScript,10-49
https://github.com/jonverrier/McpDoc,mcp-first-glance,mined,TypeScript,16,,ok,2026-06-08T09:50:35Z,49.0,False,False,502.0,develop,public,0.0,2025-03-13T15:57:52Z,TypeScript,eligible,TypeScript,10-49
https://github.com/hichana/goalstory-mcp,mcp-first-glance,community,JavaScript,8,,ok,2026-01-05T05:14:23Z,18.0,False,False,171.0,main,public,2.0,2025-01-03T01:08:30Z,TypeScript,eligible,TypeScript,10-49
https://github.com/Aiven-Open/mcp-aiven,mcp-first-glance,official,Python,0,,ok,2026-06-25T14:04:20Z,24.0,False,False,842.0,main,public,9.0,2025-03-13T07:34:49Z,TypeScript,eligible,TypeScript,10-49
https://github.com/andrewhopper/hivemind,mcp-first-glance,mined,TypeScript,10,,ok,2025-11-21T18:19:24Z,39.0,False,False,739.0,main,public,8.0,2025-02-23T12:01:15Z,TypeScript,eligible,TypeScript,10-49
https://github.com/JigsawStack/jigsawstack-mcp-server,mcp-first-glance,mined,TypeScript,17,,ok,2025-07-11T17:23:16Z,23.0,False,False,138.0,main,public,2.0,2025-02-27T17:58:35Z,TypeScript,eligible,TypeScript,10-49
https://github.com/bsmi021/mcp-server-webscan,mcp-first-glance,mined,TypeScript,3,,ok,2025-07-19T21:31:31Z,13.0,False,False,542.0,main,public,2.0,2025-01-08T11:40:27Z,TypeScript,eligible,TypeScript,10-49
https://github.com/mfukushim/map-traveler-mcp,mcp-first-glance,community,TypeScript,10,,ok,2025-11-27T13:06:22Z,23.0,False,False,8925.0,main,public,1.0,2025-01-03T01:09:53Z,TypeScript,eligible,TypeScript,10-49
https://github.com/ArchimedesCrypto/excel-reader-mcp,mcp-first-glance,mined,JavaScript,11,,ok,2026-03-12T20:08:31Z,29.0,False,False,50.0,main,public,1.0,2025-02-11T18:38:03Z,TypeScript,eligible,TypeScript,10-49
https://github.com/Streen9/azure-mcp,mcp-first-glance,mined,TypeScript,4,,ok,2025-07-03T19:24:58Z,18.0,False,False,217.0,main,public,4.0,2025-02-22T04:44:07Z,TypeScript,eligible,TypeScript,10-49
https://github.com/manekinekko/openai-mcp-example,mcp-first-glance,mined,TypeScript,2,,ok,2026-02-20T00:15:49Z,31.0,False,False,259.0,main,public,13.0,2025-03-11T17:03:46Z,TypeScript,eligible,TypeScript,10-49
https://github.com/s2-streamstore/s2-sdk-typescript,mcp-first-glance,mined,TypeScript,2,,ok,2026-06-12T18:18:12Z,32.0,False,False,3736.0,main,public,19.0,2025-10-06T02:58:42Z,TypeScript,eligible,TypeScript,10-49
https://github.com/dojoengine/sensei-mcp,mcp-first-glance,mined,TypeScript,3,,ok,2025-06-30T03:48:10Z,13.0,False,False,525.0,main,public,2.0,2025-03-12T04:25:41Z,TypeScript,eligible,TypeScript,10-49
https://github.com/ausboss/mcp-ollama-agent,mcp-first-glance,mined,TypeScript,12,,ok,2025-08-21T15:53:27Z,29.0,False,False,4988.0,main,public,0.0,2024-12-20T18:41:48Z,TypeScript,eligible,TypeScript,10-49
https://github.com/lmcc-dev/mult-fetch-mcp-server,mcp-first-glance,mined,TypeScript,2,,ok,2025-08-28T02:39:54Z,15.0,False,False,2615.0,main,public,0.0,2025-03-08T13:21:29Z,TypeScript,eligible,TypeScript,10-49
https://github.com/kapilduraphe/okta-mcp-server,mcp-first-glance,community,TypeScript,3,,ok,2026-03-11T00:53:50Z,21.0,False,False,63.0,main,public,2.0,2025-02-14T19:18:00Z,TypeScript,eligible,TypeScript,10-49
https://github.com/samuraikun/aws-s3-mcp,mcp-first-glance,mined,TypeScript,2,,ok,2026-02-14T10:37:26Z,26.0,False,False,597.0,main,public,11.0,2025-03-15T04:13:08Z,TypeScript,eligible,TypeScript,10-49
https://github.com/presidio-oss/specifai-mcp-server,mcp-first-glance,mined,TypeScript,1,,ok,2025-10-27T00:20:22Z,13.0,False,False,4938.0,main,public,6.0,2025-02-25T15:30:35Z,TypeScript,eligible,TypeScript,10-49
https://github.com/BrockReece/whimsical-mcp-server,mcp-first-glance,mined,TypeScript,6,,ok,2026-04-12T07:16:26Z,45.0,False,False,193.0,main,public,6.0,2025-02-24T17:52:14Z,TypeScript,eligible,TypeScript,10-49
https://github.com/ragieai/ragie-typescript,mcp-first-glance,mined,TypeScript,17,,ok,2026-06-03T19:24:15Z,31.0,False,False,1521.0,main,public,1.0,2024-07-11T22:10:06Z,TypeScript,eligible,TypeScript,10-49
https://github.com/novuhq/novu-ts,mcp-first-glance,mined,TypeScript,9,,ok,2026-06-25T00:52:14Z,21.0,False,False,5230.0,main,public,4.0,2024-06-12T07:11:02Z,TypeScript,eligible,TypeScript,10-49
https://github.com/cuongtl1992/mcp-dbs,mcp-first-glance,mined,TypeScript,11,,ok,2025-07-17T06:37:41Z,21.0,False,False,353.0,main,public,2.0,2025-03-18T03:07:41Z,TypeScript,eligible,TypeScript,10-49
https://github.com/Jktfe/serveMyAPI,mcp-first-glance,mined,TypeScript,2,,ok,2026-05-31T20:14:14Z,24.0,False,False,558.0,main,public,1.0,2025-03-14T11:39:12Z,TypeScript,eligible,TypeScript,10-49
https://github.com/settlemint/sdk,mcp-first-glance,mined,TypeScript,13,,ok,2026-05-19T12:14:13Z,15.0,False,False,14003.0,main,public,43.0,2024-08-06T06:32:35Z,TypeScript,eligible,TypeScript,10-49
https://github.com/amgadabdelhafez/dbx-mcp-server,mcp-first-glance,mined,TypeScript,2,,ok,2025-07-16T06:21:08Z,29.0,False,False,268.0,main,public,2.0,2025-02-26T03:51:31Z,TypeScript,eligible,TypeScript,10-49
https://github.com/kablewy/salesforce-mcp-server,mcp-first-glance,mined,TypeScript,10,,ok,2025-08-10T20:33:25Z,44.0,False,False,69.0,main,public,0.0,2024-12-07T21:29:28Z,TypeScript,eligible,TypeScript,10-49
https://github.com/langwatch/langwatch,mcp-first-glance,mined,TypeScript,1233,,ok,2026-06-25T15:46:55Z,3313.0,False,False,238595.0,main,public,803.0,2023-09-09T11:33:18Z,TypeScript,eligible,TypeScript,1000+
https://github.com/zcaceres/markdownify-mcp,mcp-first-glance,mined,TypeScript,989,,ok,2026-06-22T05:24:23Z,2760.0,False,False,2793.0,main,public,19.0,2024-12-18T21:14:52Z,TypeScript,eligible,TypeScript,1000+
https://github.com/nspady/google-calendar-mcp,mcp-first-glance,community,TypeScript,34,,ok,2026-06-01T15:42:24Z,1146.0,False,False,1531.0,main,public,5.0,2024-12-15T01:32:20Z,TypeScript,eligible,TypeScript,1000+
https://github.com/fonoster/fonoster,mcp-first-glance,mined,TypeScript,6542,,ok,2026-06-23T19:03:03Z,8004.0,False,False,230897.0,main,public,11.0,2018-02-04T02:58:54Z,TypeScript,eligible,TypeScript,1000+
https://github.com/CopilotKit/open-mcp-client,mcp-first-glance,mined,TypeScript,781,,ok,2026-06-24T11:51:18Z,1645.0,False,False,231.0,main,public,16.0,2025-03-08T19:22:42Z,TypeScript,eligible,TypeScript,1000+
https://github.com/cloudflare/ai,mcp-first-glance,mined,TypeScript,10,,ok,2026-06-24T16:00:25Z,1078.0,False,False,18855.0,main,public,70.0,2025-03-14T12:57:48Z,TypeScript,eligible,TypeScript,1000+
https://github.com/stripe/agent-toolkit,mcp-first-glance,official,TypeScript,554,,ok,2026-06-24T01:05:13Z,1635.0,False,False,14440.0,main,public,66.0,2024-11-11T17:13:41Z,TypeScript,eligible,TypeScript,1000+
https://github.com/TanStack/create-tsrouter-app,mcp-first-glance,mined,TypeScript,745,,ok,2026-06-22T22:36:10Z,1275.0,False,False,49352.0,main,public,38.0,2025-02-14T20:27:40Z,TypeScript,eligible,TypeScript,1000+
https://github.com/Flux159/mcp-server-kubernetes,mcp-first-glance,community,TypeScript,160,,ok,2026-06-22T23:27:17Z,1443.0,False,False,2632.0,main,public,11.0,2024-12-08T00:01:28Z,TypeScript,eligible,TypeScript,1000+
https://github.com/mobile-next/mobile-mcp,mcp-first-glance,community,TypeScript,190,,ok,2026-06-15T20:10:18Z,5277.0,False,False,2412.0,main,public,54.0,2025-03-28T16:21:06Z,TypeScript,eligible,TypeScript,1000+
https://github.com/jae-jae/fetcher-mcp,mcp-first-glance,mined,TypeScript,105,,ok,2026-01-14T07:07:21Z,1060.0,False,False,128.0,main,public,7.0,2025-03-19T10:54:49Z,TypeScript,eligible,TypeScript,1000+
https://github.com/latitude-dev/latitude-llm,mcp-first-glance,mined,TypeScript,1796,,ok,2026-06-25T15:55:31Z,4286.0,False,False,362657.0,development,public,12.0,2024-06-28T11:16:02Z,TypeScript,eligible,TypeScript,1000+
https://github.com/coleam00/Archon,mcp-first-glance,mined,Python,2567,,ok,2026-06-15T11:20:15Z,22572.0,False,False,21194.0,dev,public,315.0,2025-02-07T21:04:12Z,TypeScript,eligible,TypeScript,1000+
https://github.com/get-convex/convex-backend,mcp-first-glance,mined,Rust,3399,,ok,2026-06-25T02:11:04Z,12005.0,False,False,141173.0,main,public,191.0,2024-03-08T07:23:15Z,TypeScript,eligible,TypeScript,1000+
https://github.com/geelen/mcp-remote,mcp-first-glance,mined,TypeScript,0,,ok,2026-02-05T23:21:57Z,1490.0,False,False,308.0,main,public,137.0,2025-03-20T00:09:41Z,TypeScript,eligible,TypeScript,1000+
https://github.com/zcaceres/mcp-markdownify-server,mcp-first-glance,community,TypeScript,1305,,ok,2026-06-22T05:24:23Z,2760.0,False,False,2793.0,main,public,19.0,2024-12-18T21:14:52Z,TypeScript,eligible,TypeScript,1000+
https://github.com/sugarforever/chat-ollama,mcp-first-glance,mined,TypeScript,3093,,ok,2026-05-28T11:59:21Z,3494.0,False,False,4230.0,main,public,243.0,2024-02-17T16:14:29Z,TypeScript,eligible,TypeScript,1000+
https://github.com/cline/cline,mcp-first-glance,mined,TypeScript,35737,,ok,2026-06-25T11:50:29Z,63896.0,False,False,415376.0,main,public,1141.0,2024-07-06T07:28:10Z,TypeScript,eligible,TypeScript,1000+
https://github.com/goat-sdk/goat,mcp-first-glance,mined,TypeScript,513,,ok,2026-05-30T05:12:37Z,1000.0,False,False,13749.0,main,public,65.0,2024-11-26T18:46:09Z,TypeScript,eligible,TypeScript,1000+
https://github.com/supabase-community/mcp-supabase,mcp-first-glance,mined,TypeScript,85,,ok,2026-06-10T19:11:33Z,2755.0,False,False,1316.0,main,public,97.0,2024-12-20T23:52:42Z,TypeScript,eligible,TypeScript,1000+
https://github.com/makenotion/notion-mcp-server,mcp-first-glance,official,TypeScript,1149,,ok,2026-06-22T18:15:36Z,4460.0,False,False,1347.0,main,public,176.0,2025-03-10T18:09:08Z,TypeScript,eligible,TypeScript,1000+
https://github.com/clerk/javascript,mcp-first-glance,mined,TypeScript,1363,,ok,2026-06-25T15:50:28Z,1717.0,False,False,377606.0,main,public,105.0,2021-12-14T16:53:48Z,TypeScript,eligible,TypeScript,1000+
https://github.com/punkpeye/fastmcp,mcp-first-glance,community,TypeScript,1135,,ok,2026-06-22T15:37:17Z,3206.0,False,False,1304.0,main,public,43.0,2024-12-27T02:12:31Z,TypeScript,eligible,TypeScript,1000+
https://github.com/sendaifun/solana-agent-kit,mcp-first-glance,community,TypeScript,1212,,ok,2026-05-14T18:46:54Z,1700.0,False,False,22897.0,v2,public,57.0,2024-11-17T09:10:19Z,TypeScript,eligible,TypeScript,1000+
https://github.com/bytebase/dbhub,mcp-first-glance,community,TypeScript,47,,ok,2026-06-24T07:44:40Z,3032.0,False,False,2675.0,main,public,2.0,2025-03-09T16:36:38Z,TypeScript,eligible,TypeScript,1000+
https://github.com/21st-dev/magic-mcp,mcp-first-glance,official,TypeScript,577,,ok,2026-02-17T04:50:55Z,5234.0,False,False,1528.0,main,public,41.0,2025-02-19T13:17:50Z,TypeScript,eligible,TypeScript,1000+
https://github.com/FlowiseAI/Flowise,mcp-first-glance,mined,TypeScript,36400,,ok,2026-06-25T12:59:59Z,54006.0,False,False,82826.0,main,public,960.0,2023-03-31T12:23:09Z,TypeScript,eligible,TypeScript,1000+
https://github.com/executeautomation/mcp-playwright,mcp-first-glance,community,TypeScript,1194,,ok,2025-12-13T04:28:38Z,5559.0,False,False,29283.0,main,public,35.0,2024-12-03T18:43:20Z,TypeScript,eligible,TypeScript,1000+
https://github.com/browserbase/mcp-server-browserbase,mcp-first-glance,official,JavaScript,352,,ok,2026-05-07T18:42:39Z,3383.0,False,False,6642.0,main,public,50.0,2024-12-05T19:20:40Z,TypeScript,eligible,TypeScript,1000+
https://github.com/coinbase/agentkit,mcp-first-glance,mined,Python,603,,ok,2026-06-23T20:54:17Z,1255.0,False,False,22297.0,main,public,261.0,2024-10-31T20:40:22Z,TypeScript,eligible,TypeScript,1000+
https://github.com/cloudflare/mcp-server-cloudflare,mcp-first-glance,official,TypeScript,771,,ok,2026-06-08T18:10:08Z,3892.0,False,False,4326.0,main,public,70.0,2024-11-27T22:07:30Z,TypeScript,eligible,TypeScript,1000+
https://github.com/wonderwhy-er/ClaudeDesktopCommander,mcp-first-glance,mined,TypeScript,195,,ok,2026-06-25T10:26:06Z,6208.0,False,False,71230.0,main,public,142.0,2024-12-04T08:26:08Z,TypeScript,eligible,TypeScript,1000+
https://github.com/leonardsellem/n8n-mcp-server,mcp-first-glance,community,TypeScript,26,,ok,2025-07-09T21:05:08Z,1628.0,False,False,226.0,main,public,39.0,2025-03-12T15:56:12Z,TypeScript,eligible,TypeScript,1000+
https://github.com/firebase/genkit,mcp-first-glance,mined,TypeScript,1217,,ok,2026-06-25T14:43:01Z,6139.0,False,False,254467.0,main,public,843.0,2024-04-29T22:04:42Z,TypeScript,eligible,TypeScript,1000+
https://github.com/moeru-ai/airi,mcp-first-glance,mined,TypeScript,157,,ok,2026-06-25T01:48:23Z,41247.0,False,False,510320.0,main,public,186.0,2024-12-01T16:33:36Z,TypeScript,eligible,TypeScript,1000+
https://github.com/snaggle-ai/openapi-mcp-server,mcp-first-glance,community,TypeScript,304,,ok,2026-02-21T12:49:21Z,895.0,False,False,1203.0,main,public,3.0,2024-12-07T18:14:50Z,TypeScript,eligible,TypeScript,200-999
https://github.com/bigcodegen/mcp-neovim-server,mcp-first-glance,community,TypeScript,111,,ok,2025-10-11T22:10:01Z,320.0,False,False,122.0,master,public,8.0,2024-12-22T21:34:05Z,TypeScript,eligible,TypeScript,200-999
https://github.com/CheMiguel23/MemoryMesh,mcp-first-glance,mined,TypeScript,94,,ok,2026-03-01T22:27:33Z,346.0,False,False,569.0,main,public,8.0,2024-12-06T00:50:19Z,TypeScript,eligible,TypeScript,200-999
https://github.com/ZubeidHendricks/youtube-mcp-server,mcp-first-glance,community,TypeScript,47,,ok,2026-03-26T15:59:53Z,540.0,False,False,303.0,main,public,16.0,2024-12-29T08:28:02Z,TypeScript,eligible,TypeScript,200-999
https://github.com/GeLi2001/shopify-mcp,mcp-first-glance,community,TypeScript,21,,ok,2026-04-05T00:29:07Z,220.0,False,False,197.0,main,public,10.0,2025-04-01T02:46:50Z,TypeScript,eligible,TypeScript,200-999
https://github.com/kiliczsh/mcp-mongo-server,mcp-first-glance,community,TypeScript,134,,ok,2026-02-06T17:08:17Z,279.0,False,False,165.0,main,public,2.0,2024-12-04T19:30:40Z,TypeScript,eligible,TypeScript,200-999
https://github.com/HybridTalentComputing/cline-chinese,mcp-first-glance,mined,TypeScript,109,,ok,2026-06-25T15:45:24Z,639.0,False,False,135780.0,main,public,3.0,2025-02-07T17:10:35Z,TypeScript,eligible,TypeScript,200-999
https://github.com/delorenj/mcp-server-trello,mcp-first-glance,mined,TypeScript,9,,ok,2026-06-05T13:06:35Z,404.0,False,False,1751.0,main,public,23.0,2025-01-03T14:54:10Z,TypeScript,eligible,TypeScript,200-999
https://github.com/baranwang/mcp-trends-hub,mcp-first-glance,mined,TypeScript,0,,ok,2026-01-31T04:13:24Z,254.0,False,False,2180.0,main,public,3.0,2025-03-20T13:06:42Z,TypeScript,eligible,TypeScript,200-999
https://github.com/XeroAPI/xero-mcp-server,mcp-first-glance,official,TypeScript,39,,ok,2026-06-05T06:52:56Z,314.0,False,False,218.0,main,public,88.0,2025-03-17T02:29:58Z,TypeScript,eligible,TypeScript,200-999
https://github.com/cyanheads/atlas-mcp-server,mcp-first-glance,mined,TypeScript,108,,ok,2025-07-22T05:17:41Z,477.0,False,False,3329.0,main,public,10.0,2024-12-16T05:55:30Z,TypeScript,eligible,TypeScript,200-999
https://github.com/ferrislucas/iterm-mcp,mcp-first-glance,community,TypeScript,263,,ok,2025-09-20T17:31:44Z,560.0,False,False,1296.0,main,public,9.0,2025-01-09T04:49:23Z,TypeScript,eligible,TypeScript,200-999
https://github.com/VikashLoomba/copilot-mcp,mcp-first-glance,mined,TypeScript,149,,ok,2026-06-15T20:18:27Z,495.0,False,False,9311.0,main,public,7.0,2025-02-17T10:40:33Z,TypeScript,eligible,TypeScript,200-999
https://github.com/agenticsorg/edge-agents,mcp-first-glance,mined,TypeScript,166,,ok,2025-11-08T14:07:14Z,240.0,False,False,46678.0,main,public,3.0,2025-03-10T21:41:59Z,TypeScript,eligible,TypeScript,200-999
https://github.com/ahonn/mcp-server-gsc,mcp-first-glance,mined,TypeScript,12,,ok,2026-02-19T18:33:41Z,228.0,False,False,76.0,master,public,2.0,2024-12-04T04:10:53Z,TypeScript,eligible,TypeScript,200-999
https://github.com/zueai/mcp-manager,mcp-first-glance,community,TypeScript,187,,ok,2026-06-24T20:34:42Z,288.0,False,False,1022.0,main,public,1.0,2024-12-08T10:14:09Z,TypeScript,eligible,TypeScript,200-999
https://github.com/MFYDev/ghost-mcp,mcp-first-glance,community,Python,22,,ok,2026-04-27T03:50:34Z,202.0,False,False,13228.0,main,public,7.0,2025-02-11T06:23:30Z,TypeScript,eligible,TypeScript,200-999
https://github.com/Cheffromspace/MCPControl,mcp-first-glance,mined,TypeScript,14,,ok,2025-12-02T17:19:23Z,327.0,False,False,1781.0,main,public,41.0,2024-12-03T17:40:27Z,TypeScript,eligible,TypeScript,200-999
https://github.com/TencentEdgeOne/edgeone-pages-mcp,mcp-first-glance,community,HTML,28,,ok,2026-06-22T09:36:59Z,423.0,False,False,91.0,main,public,9.0,2025-03-25T02:28:36Z,TypeScript,eligible,TypeScript,200-999
https://github.com/alioshr/memory-bank-mcp,mcp-first-glance,mined,JavaScript,69,,ok,2025-08-20T10:23:06Z,911.0,False,False,101.0,main,public,17.0,2025-02-16T13:53:56Z,TypeScript,eligible,TypeScript,200-999
https://github.com/QuantGeekDev/mcp-framework,mcp-first-glance,mined,TypeScript,358,,ok,2026-04-16T11:52:34Z,922.0,False,False,856.0,main,public,21.0,2024-12-08T22:37:28Z,TypeScript,eligible,TypeScript,200-999
https://github.com/ihor-sokoliuk/mcp-searxng,mcp-first-glance,community,JavaScript,51,,ok,2026-06-24T16:49:46Z,959.0,False,False,567.0,main,public,4.0,2024-12-23T02:00:51Z,TypeScript,eligible,TypeScript,200-999
https://github.com/domdomegg/airtable-mcp-server,mcp-first-glance,community,TypeScript,107,,ok,2026-06-25T01:32:44Z,450.0,False,False,280.0,master,public,6.0,2024-12-12T17:16:40Z,TypeScript,eligible,TypeScript,200-999
https://github.com/mixelpixx/Google-Search-MCP-Server,mcp-first-glance,mined,TypeScript,23,,ok,2026-05-27T16:39:02Z,246.0,False,False,559.0,main,public,1.0,2024-12-19T17:10:00Z,TypeScript,eligible,TypeScript,200-999
https://github.com/cyanheads/obsidian-mcp-server,mcp-first-glance,mined,TypeScript,29,,ok,2026-06-20T08:43:02Z,606.0,False,False,1920.0,main,public,20.0,2025-01-23T23:01:25Z,TypeScript,eligible,TypeScript,200-999
https://github.com/harsha-iiiv/openapi-mcp-generator,mcp-first-glance,mined,JavaScript,4,,ok,2026-06-15T05:47:26Z,606.0,False,False,462.0,main,public,5.0,2025-03-09T08:36:06Z,TypeScript,eligible,TypeScript,200-999
https://github.com/DMontgomery40/deepseek-mcp-server,mcp-first-glance,community,JavaScript,197,,ok,2026-04-24T16:49:50Z,343.0,False,False,103649.0,main,public,0.0,2025-01-21T17:45:36Z,TypeScript,eligible,TypeScript,200-999
https://github.com/cyanheads/git-mcp-server,mcp-first-glance,mined,TypeScript,12,,ok,2026-05-06T23:45:20Z,223.0,False,False,2621.0,main,public,9.0,2024-12-16T12:21:40Z,TypeScript,eligible,TypeScript,200-999
https://github.com/mcpdotdirect/evm-mcp-server,mcp-first-glance,community,TypeScript,19,,ok,2026-06-04T22:17:39Z,377.0,False,False,114.0,main,public,7.0,2025-03-08T23:00:04Z,TypeScript,eligible,TypeScript,200-999
https://github.com/BigSweetPotatoStudio/HyperChat,mcp-first-glance,mined,JavaScript,351,,ok,2025-08-18T06:52:05Z,710.0,False,False,32329.0,dev2,public,29.0,2024-12-14T06:46:41Z,TypeScript,eligible,TypeScript,200-999
https://github.com/suekou/mcp-notion-server,mcp-first-glance,community,JavaScript,265,,ok,2026-06-22T13:12:28Z,907.0,False,False,886.0,main,public,7.0,2024-11-30T10:01:30Z,TypeScript,eligible,TypeScript,200-999
https://github.com/cloudflare/workers-mcp,mcp-first-glance,mined,TypeScript,378,,ok,2026-04-23T20:49:25Z,641.0,False,False,145.0,main,public,23.0,2024-12-17T22:26:38Z,TypeScript,eligible,TypeScript,200-999
https://github.com/neondatabase/mcp-server-neon,mcp-first-glance,official,TypeScript,181,,ok,2026-06-24T17:40:15Z,612.0,False,False,14207.0,main,public,38.0,2024-11-29T19:08:55Z,TypeScript,eligible,TypeScript,200-999
https://github.com/get-convex/convex-js,mcp-first-glance,mined,TypeScript,143,,ok,2026-06-24T22:58:02Z,353.0,False,False,3192.0,main,public,88.0,2023-04-27T23:14:20Z,TypeScript,eligible,TypeScript,200-999
https://github.com/ivo-toby/mcp-openapi-server,mcp-first-glance,mined,JavaScript,32,,ok,2026-06-15T14:57:25Z,274.0,False,False,1082.0,main,public,6.0,2024-12-05T12:21:01Z,TypeScript,eligible,TypeScript,200-999
https://github.com/jasonjmcghee/claude-debugs-for-you,mcp-first-glance,mined,TypeScript,200,,ok,2025-12-20T01:43:03Z,510.0,False,False,230.0,main,public,11.0,2025-01-17T05:54:24Z,TypeScript,eligible,TypeScript,200-999
https://github.com/daydreamsai/daydreams,mcp-first-glance,mined,TypeScript,337,,ok,2026-03-01T20:20:26Z,608.0,False,False,60396.0,main,public,16.0,2024-12-20T22:17:20Z,TypeScript,eligible,TypeScript,200-999
https://github.com/PaddleHQ/paddle-mcp-server,mcp-first-glance,official,TypeScript,7,,ok,2026-06-01T09:55:43Z,50.0,False,False,159.0,main,public,5.0,2025-03-26T17:14:22Z,TypeScript,eligible,TypeScript,50-199
https://github.com/GeLi2001/datadog-mcp-server,mcp-first-glance,community,TypeScript,10,,ok,2025-12-28T03:35:43Z,68.0,False,False,14.0,main,public,7.0,2025-04-03T21:39:32Z,TypeScript,eligible,TypeScript,50-199
https://github.com/playcanvas/mcp-editor,mcp-first-glance,mined,TypeScript,1,,ok,2026-06-04T14:36:32Z,115.0,False,False,468.0,main,public,8.0,2025-03-18T10:20:12Z,TypeScript,eligible,TypeScript,50-199
https://github.com/cliffhall/GooseTeam,mcp-first-glance,mined,TypeScript,30,,ok,2025-07-20T23:07:07Z,72.0,False,False,5395.0,main,public,0.0,2025-02-15T21:47:41Z,TypeScript,eligible,TypeScript,50-199
https://github.com/translated/lara-mcp,mcp-first-glance,official,TypeScript,41,,ok,2026-06-11T09:06:31Z,89.0,False,False,276.0,main,public,1.0,2025-03-31T05:10:30Z,TypeScript,eligible,TypeScript,50-199
https://github.com/spences10/mcp-memory-libsql,mcp-first-glance,mined,TypeScript,34,,ok,2026-06-24T01:27:29Z,85.0,False,False,404.0,main,public,12.0,2025-01-14T20:09:43Z,TypeScript,eligible,TypeScript,50-199
https://github.com/madarco/ragrabbit,mcp-first-glance,mined,TypeScript,31,,ok,2026-01-05T12:17:27Z,134.0,False,False,7439.0,main,public,1.0,2025-01-22T11:46:40Z,TypeScript,eligible,TypeScript,50-199
https://github.com/rahulretnan/mcp-ragdocs,mcp-first-glance,mined,TypeScript,13,,ok,2025-06-26T01:40:32Z,62.0,False,False,3021.0,main,public,7.0,2025-01-26T06:29:07Z,TypeScript,eligible,TypeScript,50-199
https://github.com/apify/rag-web-browser,mcp-first-glance,mined,TypeScript,32,,ok,2026-06-24T15:17:20Z,73.0,False,False,1392.0,master,public,20.0,2024-08-15T10:57:04Z,TypeScript,eligible,TypeScript,50-199
https://github.com/2b3pro/roam-research-mcp,mcp-first-glance,mined,TypeScript,29,,ok,2026-06-13T14:19:18Z,98.0,False,False,3547.0,main,public,0.0,2024-12-19T22:05:27Z,TypeScript,eligible,TypeScript,50-199
https://github.com/r-huijts/ns-mcp-server,mcp-first-glance,community,TypeScript,22,,ok,2025-08-26T08:45:18Z,55.0,False,False,73.0,main,public,3.0,2024-12-04T11:32:38Z,TypeScript,eligible,TypeScript,50-199
https://github.com/tan-yong-sheng/triliumnext-mcp,mcp-first-glance,mined,JavaScript,1,,ok,2026-03-24T07:09:01Z,62.0,False,False,1637.0,main,public,1.0,2025-03-16T08:37:55Z,TypeScript,eligible,TypeScript,50-199
https://github.com/ChanMeng666/server-google-news,mcp-first-glance,mined,JavaScript,18,,ok,2026-06-18T20:09:08Z,124.0,False,False,207.0,main,public,4.0,2024-12-29T12:48:15Z,TypeScript,eligible,TypeScript,50-199
https://github.com/codacy/codacy-mcp-server,mcp-first-glance,official,TypeScript,0,,ok,2026-05-29T13:19:18Z,60.0,False,False,253.0,master,public,4.0,2025-03-25T11:58:25Z,TypeScript,eligible,TypeScript,50-199
https://github.com/s-stefanov/actual-mcp,mcp-first-glance,mined,TypeScript,0,,ok,2026-06-22T17:45:25Z,171.0,False,False,657.0,main,public,40.0,2025-03-12T19:49:45Z,TypeScript,eligible,TypeScript,50-199
https://github.com/its-dart/dart-mcp-server,mcp-first-glance,official,JavaScript,38,,ok,2026-01-28T13:54:49Z,128.0,False,False,534.0,main,public,3.0,2025-02-22T02:29:56Z,TypeScript,eligible,TypeScript,50-199
https://github.com/OctagonAI/octagon-mcp-server,mcp-first-glance,official,JavaScript,2,,ok,2026-06-23T21:50:17Z,135.0,False,False,298.0,main,public,4.0,2025-03-12T22:40:51Z,TypeScript,eligible,TypeScript,50-199
https://github.com/Bankless/onchain-mcp,mcp-first-glance,mined,TypeScript,4,,ok,2026-05-05T11:48:39Z,79.0,False,False,255.0,main,public,10.0,2025-03-10T13:26:32Z,TypeScript,eligible,TypeScript,50-199
https://github.com/winor30/mcp-server-datadog,mcp-first-glance,mined,TypeScript,11,,ok,2026-06-22T12:25:24Z,142.0,False,False,247.0,main,public,28.0,2025-02-23T15:11:04Z,TypeScript,eligible,TypeScript,50-199
https://github.com/ProgramComputer/NASA-MCP-server,mcp-first-glance,community,TypeScript,1,,ok,2025-08-27T17:18:40Z,90.0,False,False,228.0,main,public,0.0,2025-03-06T00:56:22Z,TypeScript,eligible,TypeScript,50-199
https://github.com/sawa-zen/vrchat-mcp,mcp-first-glance,mined,TypeScript,8,,ok,2026-02-03T06:36:27Z,60.0,False,False,581.0,main,public,1.0,2025-03-14T07:56:53Z,TypeScript,eligible,TypeScript,50-199
https://github.com/zcaceres/gtasks-mcp,mcp-first-glance,community,TypeScript,15,,ok,2026-06-08T09:48:39Z,143.0,False,False,1115.0,main,public,20.0,2024-12-17T21:44:26Z,TypeScript,eligible,TypeScript,50-199
https://github.com/Flux159/mcp-chat,mcp-first-glance,mined,TypeScript,6,,ok,2026-06-04T03:40:15Z,135.0,False,False,250.0,main,public,3.0,2025-03-18T21:20:38Z,TypeScript,eligible,TypeScript,50-199
https://github.com/spences10/mcp-svelte-docs,mcp-first-glance,mined,TypeScript,14,,ok,2026-06-15T20:47:47Z,122.0,False,False,335.0,main,public,12.0,2025-01-20T09:39:02Z,TypeScript,eligible,TypeScript,50-199
https://github.com/AimeBox/aime-box,mcp-first-glance,mined,TypeScript,15,,ok,2026-03-05T14:41:31Z,62.0,False,False,44155.0,main,public,1.0,2025-02-28T01:43:40Z,TypeScript,eligible,TypeScript,50-199
https://github.com/lamemind/mcp-server-multiverse,mcp-first-glance,mined,TypeScript,23,,ok,2026-03-30T07:18:48Z,77.0,False,False,137.0,master,public,6.0,2025-01-29T15:22:06Z,TypeScript,eligible,TypeScript,50-199
https://github.com/marimo-team/codemirror-mcp,mcp-first-glance,community,TypeScript,58,,ok,2026-06-10T21:05:12Z,78.0,False,False,118.0,main,public,0.0,2025-01-09T03:24:07Z,TypeScript,eligible,TypeScript,50-199
https://github.com/CircleCI-Public/mcp-server-circleci,mcp-first-glance,official,TypeScript,12,,ok,2026-06-16T17:07:06Z,86.0,False,False,1019.0,main,public,27.0,2025-03-26T18:31:55Z,TypeScript,eligible,TypeScript,50-199
https://github.com/roychri/mcp-server-asana,mcp-first-glance,mined,TypeScript,21,,ok,2026-05-10T14:47:21Z,143.0,False,False,454.0,main,public,8.0,2024-12-04T23:23:56Z,TypeScript,eligible,TypeScript,50-199
https://github.com/lostintangent/gistpad-mcp,mcp-first-glance,mined,TypeScript,2,,ok,2026-01-16T17:58:32Z,197.0,False,False,189.0,main,public,2.0,2025-03-12T18:02:16Z,TypeScript,eligible,TypeScript,50-199
https://github.com/integromat/make-mcp-server,mcp-first-glance,official,TypeScript,22,,ok,2026-06-10T13:56:59Z,161.0,False,False,75.0,main,public,5.0,2025-03-10T15:21:12Z,TypeScript,eligible,TypeScript,50-199
https://github.com/yonaka15/mcp-server-redmine,mcp-first-glance,mined,TypeScript,1,,ok,2025-07-20T09:49:14Z,76.0,False,False,332.0,main,public,7.0,2025-01-07T06:58:33Z,TypeScript,eligible,TypeScript,50-199
https://github.com/fatwang2/search1api-mcp,mcp-first-glance,official,TypeScript,114,,ok,2026-03-13T04:23:25Z,172.0,False,False,170.0,main,public,4.0,2024-11-26T09:03:56Z,TypeScript,eligible,TypeScript,50-199
https://github.com/FradSer/mcp-server-apple-reminders,mcp-first-glance,mined,TypeScript,13,,ok,2026-05-27T13:23:28Z,147.0,False,False,1408.0,main,public,2.0,2025-02-14T18:03:02Z,TypeScript,eligible,TypeScript,50-199
https://github.com/polarsource/polar-js,mcp-first-glance,mined,TypeScript,78,,ok,2026-06-25T01:08:34Z,185.0,False,False,15862.0,main,public,3.0,2024-09-02T08:47:53Z,TypeScript,eligible,TypeScript,50-199
https://github.com/heroku/heroku-mcp-server,mcp-first-glance,official,TypeScript,17,,ok,2026-06-22T22:31:36Z,78.0,False,False,2019.0,main,public,21.0,2025-03-26T14:15:28Z,TypeScript,eligible,TypeScript,50-199
https://github.com/suthio/redash-mcp,mcp-first-glance,mined,JavaScript,9,,ok,2026-05-21T04:07:59Z,92.0,False,False,414.0,main,public,18.0,2025-03-09T05:52:59Z,TypeScript,eligible,TypeScript,50-199
https://github.com/Altaflux/agent-mimir,mcp-first-glance,mined,TypeScript,107,,ok,2026-06-20T22:53:23Z,112.0,False,False,42990.0,main,public,5.0,2023-04-28T00:59:01Z,TypeScript,eligible,TypeScript,50-199
https://github.com/coinbase/x402,mcp-first-glance,mined,TypeScript,14,,ok,2026-06-25T03:28:01Z,95.0,False,True,378894.0,main,public,170.0,2026-04-02T16:51:03Z,TypeScript,eligible,TypeScript,50-199
https://github.com/vercel/sdk,mcp-first-glance,mined,TypeScript,81,,ok,2026-06-25T01:11:38Z,153.0,False,False,90079.0,main,public,19.0,2024-11-22T18:35:44Z,TypeScript,eligible,TypeScript,50-199
https://github.com/evalstate/mcp-webcam,mcp-first-glance,mined,TypeScript,14,,ok,2025-10-22T14:18:34Z,120.0,False,False,352.0,main,public,1.0,2025-01-21T01:08:45Z,TypeScript,eligible,TypeScript,50-199
https://github.com/TermiX-official/bsc-mcp,mcp-first-glance,community,TypeScript,51,,ok,2025-08-30T03:22:04Z,104.0,False,False,7403.0,main,public,6.0,2025-03-17T03:48:56Z,TypeScript,eligible,TypeScript,50-199
https://github.com/yoda-digital/mcp-gitlab-server,mcp-first-glance,mined,JavaScript,1,,ok,2026-06-21T21:53:57Z,57.0,False,False,1021.0,main,public,17.0,2025-03-18T09:31:57Z,TypeScript,eligible,TypeScript,50-199
https://github.com/flatironinstitute/neurosift,mcp-first-glance,mined,TypeScript,53,,ok,2026-06-24T19:56:43Z,64.0,False,False,9989.0,main,public,63.0,2023-06-13T21:02:17Z,TypeScript,eligible,TypeScript,50-199
https://github.com/qianniuspace/mcp-security-audit,mcp-first-glance,mined,TypeScript,7,,ok,2025-07-18T09:03:21Z,53.0,False,False,1959.0,main,public,0.0,2025-02-20T16:12:01Z,TypeScript,eligible,TypeScript,50-199
https://github.com/matthewdcage/cursor-mcp-installer,mcp-first-glance,mined,JavaScript,4,,ok,2026-04-11T14:16:52Z,76.0,False,False,5322.0,main,public,3.0,2025-03-20T03:05:04Z,TypeScript,eligible,TypeScript,50-199
https://github.com/nganiet/mcp-vercel,mcp-first-glance,mined,TypeScript,15,,ok,2025-08-05T02:18:31Z,68.0,False,False,114.0,main,public,0.0,2024-12-27T17:24:36Z,TypeScript,eligible,TypeScript,50-199
https://github.com/krzko/google-cloud-mcp,mcp-first-glance,mined,TypeScript,2,,ok,2025-12-15T02:23:11Z,81.0,False,False,559.0,main,public,8.0,2025-03-07T00:16:20Z,TypeScript,eligible,TypeScript,50-199
https://github.com/cyanheads/mcp-ts-template,mcp-first-glance,mined,TypeScript,0,,ok,2026-06-20T07:51:48Z,145.0,False,False,10802.0,main,public,30.0,2025-03-20T05:07:04Z,TypeScript,eligible,TypeScript,50-199
https://github.com/apify/tester-mcp-client,mcp-first-glance,mined,TypeScript,24,,ok,2026-01-07T23:02:04Z,78.0,False,False,995.0,main,public,8.0,2025-01-26T22:29:21Z,TypeScript,eligible,TypeScript,50-199
https://github.com/merajmehrabi/Outlook_Calendar_MCP,mcp-first-glance,mined,VBScript,4,,ok,2025-09-20T22:48:04Z,40.0,False,False,68.0,main,public,8.0,2025-03-01T20:12:35Z,VBScript,eligible,VBScript,10-49
